Date,Open,High,Low,Close,Adj Close,Volume
1999-12-31,67.44,67.44,66.19,66.5,35.53,906200
2000-01-03,65.0,67.44,65.0,65.56,35.02,2645000
2000-01-04,64.25,65.44,62.75,63.5,33.92,3701000
2000-01-05,63.12,65.31,63.0,64.31,34.36,3411000
2000-01-06,65.0,66.19,64.31,66.19,35.36,2460100
2000-01-07,68.0,71.06,67.5,71.06,37.96,5863300
2000-01-10,71.06,71.06,67.94,68.12,36.39,2830500
2000-01-11,67.0,69.38,67.0,68.5,36.59,3309700
2000-01-12,67.62,68.31,66.94,67.5,36.06,3573600
2000-01-13,65.75,68.38,65.62,66.69,35.63,3639400
2000-01-14,68.94,69.25,68.0,68.31,36.49,3750300
2000-01-18,69.38,69.38,66.5,67.31,35.96,2082900
2000-01-19,66.0,68.0,65.75,67.75,36.19,2193700
2000-01-20,67.69,68.25,65.56,66.78,35.68,2136400
2000-01-21,65.12,65.62,64.12,64.75,34.59,4051000
2000-01-24,64.62,64.81,61.56,62.12,33.19,4206900
2000-01-25,62.38,63.25,61.75,62.31,33.29,3148700
2000-01-26,62.94,63.38,62.12,62.75,33.52,2233100
2000-01-27,62.0,64.38,61.5,64.25,34.32,3052200
2000-01-28,65.0,67.38,64.88,65.31,34.89,4284500
2000-01-31,65.94,67.0,62.38,66.88,35.73,3334100
2000-02-01,65.88,66.5,64.69,65.56,35.02,2981300
2000-02-02,65.5,66.06,63.88,65.06,34.76,2066300
2000-02-03,65.31,65.81,63.62,65.25,34.86,2643600
2000-02-04,64.94,65.25,64.5,64.88,34.66,1717600
2000-02-07,65.44,65.44,62.75,63.31,33.82,1957400
2000-02-08,62.62,63.75,62.62,63.31,33.82,2536700
2000-02-09,64.38,64.38,61.69,61.75,32.99,3211000
2000-02-10,61.88,63.0,61.81,62.31,33.29,2080000
2000-02-11,62.5,62.56,61.06,61.62,33.06,3268100
2000-02-14,61.38,62.0,60.44,60.75,32.59,2758000
2000-02-15,60.88,61.69,60.62,61.19,32.82,2989400
2000-02-16,62.0,62.44,61.19,61.25,32.86,3292800
2000-02-17,61.75,61.94,60.19,60.19,32.29,3290500
2000-02-18,60.31,60.38,58.25,58.5,31.38,3684000
2000-02-22,59.75,60.38,57.62,59.5,31.92,2716500
2000-02-23,59.75,60.88,58.31,60.31,32.36,2489800
2000-02-24,59.94,60.25,57.88,58.56,31.42,2612700
2000-02-25,58.44,58.81,56.12,56.69,30.41,2554400
2000-02-28,57.0,58.44,57.0,57.5,30.85,3832900
2000-02-29,58.5,60.5,58.38,59.44,31.89,4138700
2000-03-01,59.44,60.25,58.0,58.88,31.58,4186700
2000-03-02,57.88,59.38,57.19,57.69,30.95,2095800
2000-03-03,58.62,59.0,57.56,58.0,31.11,2085200
2000-03-06,57.25,58.69,57.12,57.62,30.91,2549700
2000-03-07,57.88,57.94,54.0,54.5,29.24,3998100
2000-03-08,55.0,57.38,54.5,55.5,29.77,4282600
2000-03-09,56.44,60.06,56.44,60.06,32.22,3853500
2000-03-10,60.12,61.94,60.0,61.19,32.82,3535800
2000-03-13,61.0,61.0,57.62,59.25,31.79,2115500
2000-03-14,58.25,58.69,57.38,57.44,30.81,2133000
2000-03-15,57.44,63.5,57.38,62.75,33.66,4364700
2000-03-16,63.88,65.94,63.0,64.75,34.74,5316400
2000-03-17,63.88,63.94,61.0,61.38,32.93,4843300
2000-03-20,61.38,61.44,59.62,60.75,32.59,2271100
2000-03-21,59.75,62.0,59.69,61.69,33.09,2987000
2000-03-22,62.38,64.31,61.62,63.56,34.1,3347000
2000-03-23,64.19,64.81,63.56,64.38,34.53,3159800
2000-03-24,64.12,64.19,61.12,62.12,33.33,2061200
2000-03-27,62.0,62.31,59.94,60.5,32.46,2013000
2000-03-28,59.81,61.0,59.5,60.25,32.32,2114100
2000-03-29,60.12,61.5,60.12,61.0,32.72,2834600
2000-03-30,61.25,63.12,60.75,60.75,32.59,3098400
2000-03-31,61.25,64.5,60.12,62.62,33.6,3243800
2000-04-03,64.25,65.5,64.0,65.38,35.07,2741300
2000-04-04,65.62,69.38,65.44,69.0,37.02,6700500
2000-04-05,68.12,69.0,66.88,67.47,36.19,3470900
2000-04-06,66.0,67.0,65.06,65.88,35.34,2190400
2000-04-07,65.62,65.75,64.19,64.31,34.5,1607200
2000-04-10,64.0,66.75,63.75,64.88,34.8,2884200
2000-04-11,65.0,66.94,64.88,66.88,35.88,2373300
2000-04-12,66.25,67.0,64.75,65.12,34.94,2618200
2000-04-13,68.44,70.0,68.0,70.0,37.55,4523000
2000-04-14,68.5,69.94,66.5,67.44,36.18,4056300
2000-04-17,67.44,70.0,67.38,70.0,37.55,3876700
2000-04-18,69.81,74.0,69.5,73.25,39.3,6465300
2000-04-19,74.19,76.25,73.25,75.62,40.57,6148700
2000-04-20,76.44,76.88,75.0,75.75,40.64,4305000
2000-04-24,75.75,78.5,75.75,77.5,41.58,4803800
2000-04-25,77.06,77.31,76.19,77.0,41.31,3801900
2000-04-26,76.5,78.12,75.5,77.81,41.74,4066100
2000-04-27,77.0,78.0,76.19,77.94,41.81,2522200
2000-04-28,77.12,77.69,76.0,77.12,41.37,2653700
2000-05-01,78.0,79.44,77.0,77.38,41.51,3418600
2000-05-02,76.94,78.69,76.88,78.0,41.84,2582900
2000-05-03,78.0,79.06,77.31,79.0,42.38,2586400
2000-05-04,79.0,79.62,77.69,79.25,42.51,2963800
2000-05-05,77.5,79.94,77.5,79.75,42.78,3169400
2000-05-08,79.94,80.5,78.75,80.5,43.18,2496200
2000-05-09,80.25,80.31,79.0,79.62,42.72,2654900
2000-05-10,77.88,78.69,76.0,77.25,41.44,4571900
2000-05-11,75.25,75.94,74.25,74.88,40.3,2621800
2000-05-12,74.25,76.12,73.0,75.44,40.61,3131000
2000-05-15,75.38,76.94,75.25,76.44,41.14,3444700
2000-05-16,75.5,76.5,74.75,74.94,40.34,3343900
2000-05-17,74.62,74.75,72.88,73.88,39.76,4043400
2000-05-18,73.88,74.81,73.62,73.75,39.7,2635300
2000-05-19,73.94,76.06,73.69,75.94,40.87,2775700
2000-05-22,76.25,77.0,73.69,75.19,40.47,2518800
2000-05-23,74.62,76.19,73.88,75.56,40.67,1867300
2000-05-24,75.56,77.62,75.44,77.12,41.51,2274900
2000-05-25,78.5,79.62,77.25,78.62,42.32,3401300
2000-05-26,77.75,79.38,77.75,78.81,42.42,1715500
2000-05-30,77.88,78.0,75.44,76.5,41.18,2042300
2000-05-31,76.0,77.44,75.0,76.12,40.98,2219200
2000-06-01,77.0,77.75,76.25,77.06,41.48,2992100
2000-06-02,76.94,76.94,72.31,73.12,39.36,4229700
2000-06-05,71.62,73.0,71.25,72.44,38.99,3257100
2000-06-06,71.25,74.38,71.25,74.12,39.9,2245600
2000-06-07,74.38,75.88,74.0,74.88,40.3,2493600
2000-06-08,74.62,75.56,73.38,74.94,40.34,1811000
2000-06-09,73.88,76.5,73.88,76.19,41.01,2704400
2000-06-12,77.0,79.0,76.75,78.25,42.12,8891900
2000-06-13,78.12,80.94,78.06,80.75,43.47,4020600
2000-06-14,81.12,82.94,80.94,82.81,44.58,4995200
2000-06-15,82.81,83.44,81.69,83.0,44.68,3666700
2000-06-16,83.0,85.25,82.38,84.94,45.72,6617700
2000-06-19,84.12,86.81,84.12,86.38,46.49,3680300
2000-06-20,86.25,87.12,85.44,86.58,46.6,4375200
2000-06-21,86.62,89.44,86.25,86.75,46.69,5560400
2000-06-22,86.25,86.31,83.88,84.5,45.48,3317600
2000-06-23,84.5,85.31,84.31,85.31,45.92,1671900
2000-06-26,85.31,87.69,84.88,86.56,46.59,3165200
2000-06-27,86.12,86.25,83.88,84.75,45.62,3858000
2000-06-28,86.5,87.62,85.38,87.2,46.94,4775700
2000-06-29,102.0,109.0,98.94,101.62,54.7,24396500
2000-06-30,99.25,100.75,97.5,99.88,53.76,8779800
2000-07-03,97.94,99.31,97.5,98.75,53.15,2013600
2000-07-05,98.88,105.0,98.56,104.5,56.25,5913800
2000-07-06,102.88,103.81,100.19,101.62,54.7,4015300
2000-07-07,99.69,102.75,98.88,101.0,54.37,2389400
2000-07-10,100.94,104.38,100.88,104.0,55.98,2024300
2000-07-11,103.0,103.12,102.38,103.0,55.44,2769800
2000-07-12,102.0,102.38,99.31,99.75,53.69,2779200
2000-07-13,99.0,99.06,94.94,95.75,51.54,3980900
2000-07-14,93.38,95.12,91.56,94.5,50.87,4906200
2000-07-17,95.5,99.81,94.5,98.47,53.0,3000800
2000-07-18,98.38,101.19,97.19,100.5,54.1,3808000
2000-07-19,100.25,100.88,98.62,98.75,53.15,2584900
2000-07-20,97.75,98.44,94.19,96.5,51.94,4964500
2000-07-21,96.0,99.56,95.31,97.88,52.68,3230400
2000-07-24,98.81,102.12,98.81,101.14,54.44,3774100
2000-07-25,98.75,101.38,98.75,101.0,54.37,3037200
2000-07-26,99.25,100.94,98.0,98.91,53.24,3080800
2000-07-27,99.75,100.38,99.31,99.42,53.52,1772600
2000-07-28,99.5,104.0,99.5,102.25,55.04,3311300
2000-07-31,102.5,104.88,100.06,103.88,55.91,2767500
2000-08-01,104.12,107.19,103.69,106.88,57.53,2590400
2000-08-02,105.88,107.44,105.81,106.75,57.46,2886700
2000-08-03,105.31,108.69,105.31,107.88,58.07,2127100
2000-08-04,107.62,107.88,105.12,107.38,57.8,2097700
2000-08-07,105.75,106.69,104.75,106.55,57.35,1950600
2000-08-08,106.81,108.94,105.5,108.55,58.43,4149700
2000-08-09,107.0,107.44,74.88,76.88,41.38,22492400
2000-08-10,77.5,78.44,75.0,77.12,41.51,24921300
2000-08-11,76.0,78.44,75.56,77.0,41.59,9370900
2000-08-14,77.94,78.5,77.12,77.75,41.99,4926500
2000-08-15,78.44,78.44,76.5,77.0,41.59,3095100
2000-08-16,77.44,78.2,77.0,77.25,41.72,4003600
2000-08-17,77.5,79.31,77.44,78.38,42.33,3938300
2000-08-18,78.5,78.81,76.5,76.5,41.32,3436800
2000-08-21,77.12,78.31,77.0,77.19,41.69,2229200
2000-08-22,77.0,78.12,76.09,76.09,41.1,2962200
2000-08-23,76.0,77.25,75.88,77.19,41.69,2591100
2000-08-24,77.12,77.19,75.5,75.62,40.84,2356100
2000-08-25,75.88,76.12,75.25,75.56,40.81,1762000
2000-08-28,75.0,75.75,74.5,74.5,40.24,3117200
2000-08-29,74.31,74.88,73.38,74.0,39.97,2406800
2000-08-30,73.75,74.69,73.44,74.25,40.1,2790700
2000-08-31,73.81,74.0,73.0,73.02,39.44,2633200
2000-09-01,74.25,74.25,72.56,72.69,39.26,1791800
2000-09-05,71.0,72.0,68.88,69.75,37.67,7079900
2000-09-06,69.88,69.94,66.62,67.38,36.39,5695100
2000-09-07,67.0,69.62,66.88,69.0,37.27,4834600
2000-09-08,69.0,70.0,69.0,69.34,37.45,2968400
2000-09-11,70.44,70.56,69.88,70.25,37.94,2803400
2000-09-12,70.56,72.38,70.0,71.62,38.68,3026500
2000-09-13,72.0,75.0,71.75,74.44,40.2,3955600
2000-09-14,74.38,74.62,72.81,73.75,39.83,2499300
2000-09-15,74.56,74.81,72.38,72.94,39.39,2843200
2000-09-18,73.94,75.56,73.44,74.44,40.2,2083700
2000-09-19,75.25,76.0,73.56,75.88,40.98,2372900
2000-09-20,75.88,77.38,74.12,74.12,40.03,2166900
2000-09-21,77.25,78.06,76.81,78.06,42.16,2941300
2000-09-22,79.0,82.0,78.88,81.5,44.02,5038900
2000-09-25,82.31,83.19,81.81,82.86,44.75,2634700
2000-09-26,82.12,82.94,80.81,82.62,44.62,2650600
2000-09-27,82.06,82.5,80.62,81.69,44.12,2237900
2000-09-28,80.69,83.0,80.69,82.38,44.49,1983200
2000-09-29,82.0,82.81,80.31,81.12,43.81,1728100
2000-10-02,81.25,82.56,80.31,80.88,43.68,1773400
2000-10-03,79.75,82.94,79.56,81.75,44.15,2200400
2000-10-04,81.94,83.69,81.75,82.5,44.56,1898000
2000-10-05,82.0,84.94,81.25,84.56,45.67,3134200
2000-10-06,83.44,83.88,81.31,82.94,44.79,1833100
2000-10-09,83.0,83.62,81.88,82.69,44.66,875700
2000-10-10,82.5,84.94,82.06,84.5,45.64,1674500
2000-10-11,84.94,88.12,83.56,87.44,47.22,3373500
2000-10-12,87.0,88.62,86.19,87.5,47.26,3611400
2000-10-13,87.0,87.56,86.0,87.0,46.99,4154400
2000-10-16,86.62,89.81,86.56,89.81,48.51,3248800
2000-10-17,88.38,89.94,88.06,89.12,48.14,2128600
2000-10-18,87.19,90.25,87.19,89.25,48.2,3193100
2000-10-19,85.0,89.0,83.12,88.5,47.8,8349800
2000-10-20,87.31,87.44,85.44,86.38,46.65,3050400
2000-10-23,86.94,89.69,86.69,88.94,48.03,2708000
2000-10-24,88.0,89.31,86.75,87.69,47.36,2407100
2000-10-25,88.0,90.06,87.31,88.81,47.97,3161000
2000-10-26,88.56,90.5,87.12,87.5,47.26,3024900
2000-10-27,87.5,88.94,85.81,87.5,47.26,2629300
2000-10-30,87.0,88.62,87.0,88.0,47.53,2264500
2000-10-31,87.75,89.69,86.5,89.38,48.27,3815700
2000-11-01,89.44,91.25,89.44,91.0,49.15,3751400
2000-11-02,89.81,90.19,87.62,88.5,47.8,4330100
2000-11-03,87.25,88.88,86.69,88.06,47.56,2351500
2000-11-06,86.81,90.19,86.56,89.56,48.37,3049400
2000-11-07,89.81,91.19,86.88,87.25,47.12,2767300
2000-11-08,89.0,91.81,88.75,90.44,48.84,4827500
2000-11-09,90.88,91.0,87.12,89.69,48.44,2876300
2000-11-10,89.81,92.0,89.5,90.5,48.88,1905700
2000-11-13,90.12,90.94,85.0,86.12,46.65,3413700
2000-11-14,85.19,88.81,84.0,87.88,47.6,3197400
2000-11-15,87.5,88.5,86.12,87.69,47.5,2131700
2000-11-16,86.0,88.12,85.81,86.56,46.89,1614000
2000-11-17,87.12,89.69,86.62,89.44,48.44,2648600
2000-11-20,89.5,90.75,87.75,87.75,47.53,2513000
2000-11-21,88.0,90.69,87.88,89.88,48.68,2394200
2000-11-22,87.88,89.5,86.81,86.81,47.02,2577800
2000-11-24,87.25,87.38,84.69,84.81,45.94,911500
2000-11-27,85.12,89.69,85.06,88.69,48.04,2508600
2000-11-28,89.94,92.81,89.81,91.75,49.7,4416600
2000-11-29,92.25,95.38,92.25,94.5,51.19,4234800
2000-11-30,95.12,97.12,93.62,93.69,50.75,5878000
2000-12-01,93.0,93.19,89.56,90.06,48.78,6102200
2000-12-04,88.88,92.31,88.88,90.44,48.99,4109700
2000-12-05,90.5,91.44,89.25,90.38,48.95,3461800
2000-12-06,91.31,91.62,89.69,90.38,48.95,3597000
2000-12-07,90.75,93.38,90.75,92.12,49.9,2369400
2000-12-08,91.12,93.5,90.06,92.56,50.14,2988400
2000-12-11,91.5,94.62,91.25,92.88,50.31,2303200
2000-12-12,92.0,93.94,91.12,92.31,50.0,2400200
2000-12-13,92.38,93.31,90.62,91.0,49.29,3001000
2000-12-14,89.56,91.38,89.56,89.75,48.61,1928600
2000-12-15,87.81,89.94,87.81,89.25,48.34,4781700
2000-12-18,88.75,89.5,87.31,88.5,47.94,1941600
2000-12-19,88.38,90.44,88.25,89.0,48.21,2234500
2000-12-20,88.94,91.5,88.19,90.94,49.26,2701500
2000-12-21,90.19,92.0,89.69,90.75,49.15,2600700
2000-12-22,90.69,90.69,86.5,87.69,47.5,3041700
2000-12-26,87.44,91.44,87.44,89.94,48.71,1579700
2000-12-27,89.5,92.19,88.94,89.12,48.27,1769300
2000-12-28,90.25,92.5,89.62,91.62,49.63,1332700
2000-12-29,92.62,94.0,91.69,93.06,50.41,1992900
2001-01-02,93.0,95.0,90.5,91.5,49.56,4073500
2001-01-03,90.44,91.0,85.38,86.31,46.75,6617800
2001-01-04,84.06,84.81,79.31,81.12,43.94,12352700
2001-01-05,81.0,82.38,79.56,80.69,43.7,5873900
2001-01-08,81.0,81.88,79.5,80.75,43.74,3408300
2001-01-09,81.44,84.75,81.0,84.5,45.77,4146600
2001-01-10,84.5,85.25,82.38,83.38,45.16,3208100
2001-01-11,83.94,83.94,81.44,81.62,44.21,3134600
2001-01-12,81.88,83.19,80.0,80.0,43.33,3464100
2001-01-16,80.12,84.38,79.25,83.25,45.09,2910900
2001-01-17,82.5,82.75,81.0,81.56,44.18,2578100
2001-01-18,82.62,83.62,81.62,81.75,44.28,2934700
2001-01-19,81.75,82.62,80.44,80.75,43.74,3170600
2001-01-22,81.38,82.44,80.88,81.75,44.28,2305400
2001-01-23,81.81,83.5,80.69,83.12,45.02,2380600
2001-01-24,82.12,83.31,81.38,82.75,44.82,1752800
2001-01-25,81.0,83.81,80.69,83.06,44.99,3537600
2001-01-26,83.94,84.44,82.25,82.5,44.69,2890900
2001-01-29,82.5,83.7,81.0,81.1,43.93,3284700
2001-01-30,80.32,81.49,79.02,79.81,43.23,3200400
2001-01-31,79.83,79.83,78.01,78.8,42.68,5361700
2001-02-01,78.8,80.83,78.8,80.15,43.41,3037300
2001-02-02,81.2,82.14,81.01,81.9,44.36,2955800
2001-02-05,82.48,83.7,79.75,79.9,43.28,4123600
2001-02-06,77.0,78.79,77.0,77.5,41.98,8141300
2001-02-07,77.5,79.41,77.06,78.95,42.76,5436800
2001-02-08,80.0,81.5,79.55,80.99,43.87,2905400
2001-02-09,81.49,81.99,79.3,80.75,43.74,4412700
2001-02-12,81.5,81.73,79.71,80.4,43.55,4179900
2001-02-13,81.0,81.0,79.41,79.99,43.48,2631000
2001-02-14,79.5,79.99,76.87,77.08,41.9,4589500
2001-02-15,77.28,77.4,74.8,75.25,40.9,5449200
2001-02-16,74.55,74.99,72.98,73.0,39.68,4468900
2001-02-20,74.0,74.7,73.25,73.68,40.05,6502200
2001-02-21,74.48,74.65,73.75,73.76,40.09,3659000
2001-02-22,74.86,75.0,72.91,74.24,40.35,4232600
2001-02-23,74.48,76.2,72.75,75.95,41.28,3665500
2001-02-26,76.0,77.49,74.75,77.39,42.06,2991400
2001-02-27,76.9,78.36,76.55,78.0,42.4,2881600
2001-02-28,78.75,79.99,78.53,79.46,43.19,3058500
2001-03-01,78.21,80.1,78.21,78.98,42.93,3441300
2001-03-02,78.98,80.39,78.54,79.33,43.12,2579100
2001-03-05,78.25,80.19,77.5,79.46,43.19,2800800
2001-03-06,79.36,79.36,77.52,77.96,42.37,3526700
2001-03-07,79.2,79.24,75.75,76.77,41.73,4664800
2001-03-08,75.76,77.5,75.36,77.4,42.07,4257600
2001-03-09,77.7,79.28,77.61,79.0,42.94,3216500
2001-03-12,78.0,79.39,78.0,78.5,42.67,3151300
2001-03-13,78.0,78.47,77.01,78.3,42.56,3140000
2001-03-14,77.3,78.68,76.23,76.94,41.82,2545400
2001-03-15,76.69,76.9,74.98,75.74,41.17,3545200
2001-03-16,75.2,75.91,73.42,74.44,40.46,5966700
2001-03-19,73.91,76.75,73.75,76.0,41.31,3512800
2001-03-20,76.01,77.19,75.5,76.5,41.58,3280100
2001-03-21,76.5,76.6,73.63,74.22,40.34,3763300
2001-03-22,74.0,74.01,70.01,73.35,39.87,7194300
2001-03-23,73.1,73.1,70.8,72.59,39.46,5570500
2001-03-26,73.1,74.8,72.6,74.39,40.43,2991800
2001-03-27,74.39,76.22,74.18,76.22,41.43,2840100
2001-03-28,75.1,77.5,74.55,77.36,42.05,4162100
2001-03-29,76.6,77.2,74.65,75.7,41.15,3791900
2001-03-30,75.7,77.01,74.7,76.66,41.67,4271400
2001-04-02,76.91,76.94,74.62,75.46,41.02,3137100
2001-04-03,75.0,77.48,74.91,75.01,40.77,3167000
2001-04-04,74.4,76.99,74.01,76.21,41.42,3059500
2001-04-05,75.6,77.12,75.48,77.12,41.92,4545500
2001-04-06,76.8,78.85,76.1,77.5,42.12,4226500
2001-04-09,76.75,78.39,76.75,77.92,42.35,2989100
2001-04-10,78.5,78.89,77.1,78.36,42.59,3230300
2001-04-11,77.5,77.51,75.85,76.92,41.81,4072100
2001-04-12,77.1,78.09,77.0,77.44,42.09,3079200
2001-04-16,78.0,79.73,78.0,79.0,42.94,3628800
2001-04-17,79.15,80.89,78.6,80.89,43.97,2552700
2001-04-18,79.99,80.95,79.06,79.88,43.42,5013000
2001-04-19,80.0,80.35,78.6,79.79,43.37,2632500
2001-04-20,79.54,80.64,78.51,80.1,43.54,3986900
2001-04-23,80.1,81.49,79.75,80.39,43.7,2795900
2001-04-24,80.39,81.34,78.87,79.06,42.97,2581800
2001-04-25,79.76,82.1,79.58,81.34,44.21,2845300
2001-04-26,81.59,81.84,80.02,81.39,44.24,2745000
2001-04-27,81.4,82.88,80.0,82.8,45.01,2567700
2001-04-30,83.67,85.19,83.58,85.0,46.2,4032600
2001-05-01,84.9,86.0,84.22,85.63,46.54,3096500
2001-05-02,85.13,86.88,84.6,86.4,46.96,3082100
2001-05-03,86.1,86.78,84.35,85.32,46.37,2353500
2001-05-04,85.33,86.85,84.07,86.04,46.77,2144800
2001-05-07,85.0,87.0,84.75,86.78,47.17,1549700
2001-05-08,85.8,86.12,84.2,86.04,46.77,2842700
2001-05-09,86.2,86.65,84.55,85.51,46.48,2795900
2001-05-10,85.99,85.99,84.79,85.01,46.21,2912500
2001-05-11,84.74,85.25,83.7,83.9,45.75,2027500
2001-05-14,83.9,84.77,83.7,84.44,46.05,1633300
2001-05-15,84.69,85.26,83.9,84.8,46.24,2504400
2001-05-16,85.5,86.99,85.2,86.26,47.04,2892900
2001-05-17,86.3,88.65,86.27,87.73,47.84,2782300
2001-05-18,87.85,88.0,85.01,85.49,46.62,3105600
2001-05-21,85.49,85.97,85.08,85.85,46.82,2402800
2001-05-22,84.6,86.4,84.31,85.56,46.66,1546700
2001-05-23,86.3,86.8,84.09,84.5,46.08,2933600
2001-05-24,84.3,84.9,84.01,84.9,46.3,2646200
2001-05-25,84.25,84.6,83.67,84.02,45.82,2082900
2001-05-29,84.0,86.34,84.0,85.9,46.84,2214700
2001-05-30,85.9,86.15,84.54,84.7,46.19,2622900
2001-05-31,84.0,84.7,83.01,84.7,46.19,2614000
2001-06-01,84.9,86.61,83.9,86.43,47.13,1985600
2001-06-04,86.0,87.37,85.85,87.0,47.44,1887700
2001-06-05,87.0,88.47,86.28,88.1,48.04,2272300
2001-06-06,88.1,88.47,86.58,86.99,47.44,2091800
2001-06-07,86.5,87.24,86.42,87.04,47.47,2090500
2001-06-08,86.6,87.4,86.52,87.04,47.47,1514300
2001-06-11,87.0,87.26,86.39,87.0,47.44,1986400
2001-06-12,87.0,87.61,86.01,86.5,47.17,2190100
2001-06-13,83.3,84.1,82.86,83.7,45.64,5633800
2001-06-14,83.5,83.64,83.0,83.5,45.54,2933900
2001-06-15,82.73,82.85,80.88,81.4,44.39,4660100
2001-06-18,80.6,81.74,80.34,80.88,44.11,3056700
2001-06-19,80.2,80.3,78.06,78.71,42.92,4023300
2001-06-20,78.65,79.97,78.65,79.52,43.37,3007800
2001-06-21,79.7,79.98,78.42,78.5,42.81,3323200
2001-06-22,77.4,77.41,75.51,76.4,41.66,5402400
2001-06-25,76.5,76.75,75.2,75.52,41.18,2413100
2001-06-26,75.53,76.5,75.2,75.73,41.3,2597100
2001-06-27,75.8,75.8,74.0,74.02,40.37,3075100
2001-06-28,74.0,74.0,73.28,73.68,40.18,4894000
2001-06-29,74.0,75.24,73.7,74.0,40.35,5187900
2001-07-02,74.5,76.9,74.5,75.75,41.31,2761800
2001-07-03,76.0,76.46,74.97,76.35,41.64,1949300
2001-07-05,76.0,76.41,74.59,75.6,41.23,2000000
2001-07-06,75.0,75.55,74.51,75.11,40.96,2013200
2001-07-09,75.11,76.4,74.6,76.4,41.66,2160200
2001-07-10,76.1,76.36,74.48,74.7,40.74,3042500
2001-07-11,74.7,77.18,74.43,75.8,41.34,5403900
2001-07-12,75.2,75.35,74.0,74.55,40.65,4092500
2001-07-13,74.5,76.2,74.49,75.78,41.33,2219900
2001-07-16,75.1,75.78,74.72,75.1,40.95,1939200
2001-07-17,74.25,75.7,74.25,75.05,40.93,2134200
2001-07-18,74.6,76.95,74.6,76.75,41.85,4052600
2001-07-19,77.85,78.49,76.51,77.46,42.24,4416800
2001-07-20,77.21,77.84,76.15,77.4,42.21,2600700
2001-07-23,78.2,78.2,76.3,76.55,41.75,2194600
2001-07-24,76.65,76.7,75.9,76.11,41.51,2197200
2001-07-25,76.95,77.15,75.82,76.3,41.61,2340700
2001-07-26,76.5,78.68,76.35,78.12,42.6,2595500
2001-07-27,77.45,80.0,77.45,78.38,42.74,2895700
2001-07-30,79.1,79.64,78.3,79.09,43.13,2317200
2001-07-31,78.6,80.48,78.57,79.28,43.23,2700900
2001-08-01,79.0,79.4,78.24,78.9,43.03,3592000
2001-08-02,79.0,80.27,78.8,79.55,43.38,2046600
2001-08-03,78.5,79.5,78.36,79.2,43.19,1845100
2001-08-06,79.4,79.43,78.61,79.05,43.11,1734300
2001-08-07,78.3,78.66,78.11,78.35,42.73,1994500
2001-08-08,77.65,78.34,77.25,77.63,42.33,1744200
2001-08-09,77.19,77.75,76.97,77.24,42.12,1992900
2001-08-10,76.7,78.41,76.7,78.1,42.59,1436300
2001-08-13,77.2,78.67,77.19,78.46,42.94,1311500
2001-08-14,78.71,79.41,78.03,78.39,42.9,1573000
2001-08-15,79.09,79.85,78.81,79.1,43.29,1771200
2001-08-16,78.4,80.1,78.35,80.04,43.81,2507000
2001-08-17,79.55,80.03,79.1,79.8,43.67,1815200
2001-08-20,79.5,81.35,79.49,81.09,44.38,2874500
2001-08-21,81.99,82.2,80.39,80.77,44.21,2470800
2001-08-22,80.2,82.04,79.71,81.8,44.77,2050000
2001-08-23,81.36,82.64,81.18,82.44,45.12,2270100
2001-08-24,82.25,83.76,82.02,83.67,45.79,2520000
2001-08-27,82.78,82.89,82.02,82.25,45.02,3229200
2001-08-28,81.95,82.1,79.77,79.95,43.76,4125500
2001-08-29,80.0,80.13,79.01,79.04,43.26,2821000
2001-08-30,79.1,79.85,78.81,79.32,43.41,3449300
2001-08-31,78.85,79.7,77.17,77.63,42.49,2176300
2001-09-04,78.2,79.7,78.05,78.72,43.08,2657600
2001-09-05,78.11,80.1,78.02,79.8,43.67,3441900
2001-09-06,78.75,79.3,78.01,78.5,42.96,2775900
2001-09-07,78.02,78.5,76.7,76.7,41.98,4078400
2001-09-10,76.7,77.87,75.89,77.2,42.25,3121200
2001-09-17,77.45,79.3,75.5,77.61,42.48,5318800
2001-09-18,77.56,78.86,77.02,77.96,42.67,3268700
2001-09-19,77.01,77.49,73.72,75.5,41.32,4535600
2001-09-20,74.25,75.35,73.8,73.91,40.45,3766800
2001-09-21,72.01,75.3,71.81,73.99,40.49,7174700
2001-09-24,76.16,77.25,74.99,76.9,42.09,4808300
2001-09-25,76.0,77.6,76.0,77.2,42.25,3656100
2001-09-26,77.79,79.6,77.62,78.55,42.99,4510600
2001-09-27,78.4,80.49,78.15,80.1,43.84,3518500
2001-09-28,80.1,81.34,79.42,80.7,44.17,3770200
2001-10-01,80.58,82.0,80.1,81.66,44.69,3443700
2001-10-02,81.66,82.99,81.03,82.87,45.35,2853600
2001-10-03,78.0,79.27,77.7,79.25,43.37,12183400
2001-10-04,79.1,79.2,78.6,78.97,43.22,6393800
2001-10-05,78.9,79.84,78.72,79.69,43.61,2532400
2001-10-08,79.45,79.85,79.11,79.65,43.59,2159600
2001-10-09,79.45,79.54,78.28,78.7,43.07,2756900
2001-10-10,78.6,80.0,78.55,79.75,43.65,2967200
2001-10-11,79.4,79.6,78.52,78.99,43.23,4644500
2001-10-12,78.6,79.65,78.5,78.89,43.18,4555700
2001-10-15,78.75,78.9,77.76,78.06,42.72,5562000
2001-10-16,78.1,79.49,77.5,79.0,43.24,5172000
2001-10-17,74.0,75.6,73.5,75.0,41.05,18131800
2001-10-18,74.26,76.44,74.26,76.1,41.65,5714800
2001-10-19,76.3,76.9,75.25,75.96,41.57,3491000
2001-10-22,75.96,77.59,75.5,77.51,42.42,3208900
2001-10-23,77.51,77.77,76.73,77.56,42.45,3590400
2001-10-24,77.57,79.8,77.5,78.2,42.8,8380900
2001-10-25,77.65,79.16,77.16,79.0,43.24,3822600
2001-10-26,78.2,80.05,78.06,79.7,43.62,4269000
2001-10-29,80.15,81.55,79.29,79.37,43.44,5524800
2001-10-30,79.95,80.0,77.0,77.27,42.29,4287300
2001-10-31,77.74,77.74,76.09,76.5,41.87,4701200
2001-11-01,76.5,77.41,75.92,76.95,42.11,3083900
2001-11-02,76.9,78.4,76.54,77.89,42.63,2560400
2001-11-05,78.89,79.55,78.04,78.5,42.96,2969800
2001-11-06,78.15,79.7,78.1,79.6,43.56,2611600
2001-11-07,79.85,80.84,79.71,80.15,43.87,3457700
2001-11-08,79.7,80.2,78.8,79.36,43.43,3203900
2001-11-09,79.2,79.7,78.45,78.47,42.95,2177500
2001-11-12,77.92,78.78,77.0,78.5,42.96,1967700
2001-11-13,78.28,78.99,78.19,78.97,43.37,2072800
2001-11-14,78.97,78.98,78.1,78.24,42.97,2752600
2001-11-15,78.69,79.22,77.74,78.37,43.05,2026900
2001-11-16,78.9,79.38,78.69,79.02,43.4,1921600
2001-11-19,78.5,80.05,78.46,79.99,43.94,3438900
2001-11-20,80.24,81.68,80.01,81.14,44.57,2975500
2001-11-21,81.9,83.79,81.85,83.33,45.77,5765100
2001-11-23,82.75,82.78,82.16,82.42,45.27,2059300
2001-11-26,82.0,83.27,81.55,82.64,45.39,3582800
2001-11-27,82.4,82.95,81.71,82.23,45.17,3350700
2001-11-28,82.45,82.64,81.16,81.45,44.74,1888900
2001-11-29,81.36,82.72,81.16,82.55,45.34,2862700
2001-11-30,82.6,83.0,82.16,82.67,45.41,1853100
2001-12-03,82.55,84.04,82.44,83.6,45.92,2586400
2001-12-04,83.35,83.35,82.44,82.79,45.47,2366600
2001-12-05,82.48,82.7,81.66,82.45,45.29,3741500
2001-12-06,82.25,82.8,81.35,81.77,44.91,2150400
2001-12-07,82.25,82.6,81.7,82.32,45.21,1823800
2001-12-10,81.8,81.99,80.8,81.54,44.79,2500100
2001-12-11,80.9,82.9,80.03,80.4,44.16,3902700
2001-12-12,80.75,81.79,78.53,79.01,43.4,5742700
2001-12-13,79.1,81.22,79.0,80.47,44.2,4080400
2001-12-14,80.0,82.54,79.5,81.81,44.93,3124000
2001-12-17,82.64,84.3,82.2,82.8,45.48,2978700
2001-12-18,82.0,82.89,81.7,82.64,45.39,3011600
2001-12-19,81.5,82.1,80.76,81.6,44.82,5015900
2001-12-20,80.8,81.3,79.8,80.03,43.96,5982200
2001-12-21,79.25,79.85,76.69,78.4,43.06,11155400
2001-12-24,78.6,79.81,78.5,79.74,43.8,1827600
2001-12-26,79.8,80.11,79.3,79.3,43.56,1307600
2001-12-27,78.81,79.36,78.32,79.24,43.52,2124500
2001-12-28,79.59,79.99,79.38,79.84,43.85,1718900
2001-12-31,79.21,79.35,78.46,78.54,43.14,1996300
2002-01-02,78.5,78.85,77.02,78.5,43.12,2471600
2002-01-03,77.91,77.92,77.01,77.66,42.66,2505000
2002-01-04,77.8,78.14,77.26,77.7,42.68,2637400
2002-01-07,77.16,77.29,76.4,76.85,42.21,2623900
2002-01-08,76.5,77.3,75.35,75.65,41.55,4097700
2002-01-09,75.6,76.35,75.2,75.32,41.37,4292600
2002-01-10,75.57,77.15,75.45,76.8,42.18,3317900
2002-01-11,77.55,78.0,76.4,76.4,41.96,3160300
2002-01-14,76.4,77.74,75.76,77.0,42.29,2931500
2002-01-15,77.59,78.04,76.86,77.05,42.32,3549300
2002-01-16,77.0,77.59,76.06,76.06,41.78,2646900
2002-01-17,76.2,76.28,75.01,75.43,41.43,2304400
2002-01-18,75.05,75.75,74.26,74.59,40.97,3904500
2002-01-22,74.41,75.85,74.41,75.85,41.66,3622700
2002-01-23,75.99,76.69,75.45,75.77,41.62,2752800
2002-01-24,75.0,75.01,73.1,74.1,40.7,5630500
2002-01-25,74.2,75.59,74.0,75.11,41.25,3654100
2002-01-28,75.05,75.15,74.02,74.29,40.8,2568700
2002-01-29,74.45,74.85,72.91,73.4,40.32,2812400
2002-01-30,73.1,74.4,73.0,74.04,40.67,3451100
2002-01-31,74.1,75.1,73.2,75.1,41.25,3081300
2002-02-01,74.85,75.2,74.28,74.79,41.08,1941700
2002-02-04,74.79,75.23,72.89,73.3,40.26,1887200
2002-02-05,73.05,74.55,73.05,73.94,40.61,2251800
2002-02-06,73.78,74.75,73.25,73.36,40.29,2384500
2002-02-07,73.8,73.89,72.25,72.86,40.02,2471000
2002-02-08,72.41,73.71,72.15,73.67,40.46,2211800
2002-02-11,72.96,75.47,72.9,74.86,41.12,2185100
2002-02-12,74.87,76.22,74.67,75.75,41.61,2318200
2002-02-13,76.09,76.36,75.25,76.12,41.98,1908700
2002-02-14,76.12,77.29,75.65,76.42,42.15,2835700
2002-02-15,76.87,77.05,76.0,76.39,42.13,1925500
2002-02-19,76.39,76.39,75.44,75.68,41.74,1636300
2002-02-20,75.69,76.99,75.27,76.83,42.37,2887700
2002-02-21,76.83,77.49,76.6,76.6,42.25,3269300
2002-02-22,76.15,77.44,76.15,77.08,42.51,2616200
2002-02-25,77.08,77.99,76.39,76.65,42.27,2775400
2002-02-26,75.83,76.56,75.25,75.92,41.87,3213300
2002-02-27,76.5,77.71,76.2,77.44,42.71,2543100
2002-02-28,77.44,77.9,75.73,75.73,41.77,2669500
2002-03-01,75.65,77.65,74.55,77.5,42.74,2902700
2002-03-04,77.0,78.5,76.25,78.5,43.29,4752900
2002-03-05,78.3,78.3,76.85,77.25,42.6,2718400
2002-03-06,76.76,78.51,76.76,78.2,43.13,2358900
2002-03-07,78.38,78.6,77.8,78.48,43.28,2529500
2002-03-08,78.9,78.95,77.6,78.2,43.13,2398800
2002-03-11,78.2,78.99,78.05,78.88,43.5,1835700
2002-03-12,78.0,79.39,78.0,79.39,43.78,2207100
2002-03-13,79.39,79.8,77.75,79.49,43.84,5374500
2002-03-14,79.25,79.7,78.79,79.25,43.71,2000200
2002-03-15,79.99,79.99,79.05,79.85,44.04,3452900
2002-03-18,79.8,80.92,79.25,80.6,44.45,3010500
2002-03-19,80.6,81.09,80.27,80.69,44.5,2194900
2002-03-20,80.69,80.69,79.0,79.23,43.7,4518700
2002-03-21,79.7,79.7,78.65,79.1,43.62,2124000
2002-03-22,78.6,79.1,78.52,78.74,43.43,1702300
2002-03-25,78.53,78.75,77.36,77.36,42.67,2127900
2002-03-26,77.0,77.5,76.56,77.0,42.47,2823500
2002-03-27,76.25,76.49,75.3,75.78,41.79,3832900
2002-03-28,75.41,76.4,75.34,76.2,42.03,3554600
2002-04-01,76.2,78.0,75.96,77.72,42.86,2639800
2002-04-02,77.6,78.9,77.2,78.74,43.43,3265100
2002-04-03,78.74,78.76,76.5,77.64,42.82,3115800
2002-04-04,76.0,76.6,75.35,76.2,42.03,3972400
2002-04-05,76.89,76.89,74.8,75.35,41.56,4300300
2002-04-08,75.35,75.9,73.8,74.5,41.09,4091800
2002-04-09,74.8,75.1,74.4,74.57,41.13,2831700
2002-04-10,74.58,75.37,74.1,75.05,41.39,2926200
2002-04-11,75.1,75.56,74.1,74.41,41.04,3317600
2002-04-12,74.45,74.47,73.0,73.42,40.49,4245000
2002-04-15,75.0,76.98,74.23,75.2,41.47,4965500
2002-04-16,74.35,75.0,73.5,74.11,40.87,5494500
2002-04-17,73.8,74.2,72.32,73.29,40.42,3512200
2002-04-18,73.85,74.31,72.1,74.16,40.9,3518600
2002-04-19,74.16,74.16,73.52,73.84,40.72,2997400
2002-04-22,74.0,74.0,72.65,73.41,40.49,2856100
2002-04-23,73.5,73.55,71.48,71.9,39.65,2865100
2002-04-24,71.63,72.25,69.85,69.89,38.55,4395000
2002-04-25,69.9,71.44,69.42,70.4,38.83,4120300
2002-04-26,70.4,70.8,69.5,70.02,38.62,2710000
2002-04-29,69.77,69.78,67.56,68.3,37.67,2811000
2002-04-30,63.61,66.34,62.99,66.05,36.43,13382900
2002-05-01,67.0,67.65,66.6,67.2,37.06,5900200
2002-05-02,67.0,68.27,66.55,68.0,37.5,3973100
2002-05-03,67.25,67.6,66.53,66.9,36.9,4061700
2002-05-06,67.0,67.0,65.53,65.57,36.16,2375600
2002-05-07,66.0,66.57,64.5,64.85,35.77,3714100
2002-05-08,65.4,67.85,65.02,67.37,37.16,2369200
2002-05-09,66.9,66.95,64.85,65.01,35.85,8069900
2002-05-10,65.01,65.47,64.41,64.71,35.69,3238500
2002-05-13,64.3,64.7,64.12,64.58,35.79,2232600
2002-05-14,64.77,65.85,64.77,65.7,36.41,3265500
2002-05-15,65.1,65.29,63.1,63.51,35.2,4390600
2002-05-16,63.51,63.74,62.79,63.41,35.14,3969500
2002-05-17,63.3,65.21,63.15,65.0,36.02,2818900
2002-05-20,65.0,65.48,63.75,64.0,35.47,2532300
2002-05-21,64.01,64.98,63.7,64.0,35.47,3058700
2002-05-22,64.4,64.81,63.81,64.16,35.56,2693100
2002-05-23,64.45,64.9,63.3,64.85,35.94,3762600
2002-05-24,64.85,65.09,63.74,63.81,35.36,1724100
2002-05-28,64.15,64.5,63.8,63.97,35.45,2090800
2002-05-29,63.85,64.84,63.85,64.3,35.63,1950700
2002-05-30,63.9,64.68,63.61,64.35,35.66,2211100
2002-05-31,65.14,65.49,64.4,64.7,35.85,2925500
2002-06-03,64.7,65.0,63.7,63.95,35.44,2813500
2002-06-04,63.16,63.16,60.88,62.06,34.39,4420300
2002-06-05,62.2,62.66,61.75,62.66,34.72,2992800
2002-06-06,62.8,62.83,61.31,61.38,34.01,3013400
2002-06-07,61.37,61.8,60.16,61.3,33.97,4047700
2002-06-10,61.0,61.99,60.5,61.31,33.98,2460400
2002-06-11,61.06,61.61,59.57,59.75,33.11,5305100
2002-06-12,59.75,60.33,58.1,58.5,32.42,3679500
2002-06-13,58.1,60.6,57.65,59.87,33.18,4928100
2002-06-14,59.99,61.0,58.8,60.45,33.5,2459500
2002-06-17,60.35,62.95,60.32,62.4,34.58,3185500
2002-06-18,62.02,62.99,61.55,62.64,34.71,2339700
2002-06-19,62.0,62.5,60.05,60.68,33.63,2382100
2002-06-20,60.4,61.2,60.01,60.15,33.33,1793700
2002-06-21,59.15,59.57,58.26,58.39,32.36,3627100
2002-06-24,58.4,58.94,56.41,57.93,32.1,3747900
2002-06-25,57.94,59.3,57.0,57.23,31.72,2356500
2002-06-26,56.9,58.87,55.79,58.11,32.2,2949200
2002-06-27,58.3,59.83,57.55,59.83,33.16,2323900
2002-06-28,59.15,59.8,56.2,56.4,31.26,7075400
2002-07-01,56.4,56.5,52.58,53.76,29.79,6463700
2002-07-02,53.76,54.29,51.65,52.12,28.88,4883100
2002-07-03,51.8,52.1,49.89,50.49,27.98,6556000
2002-07-05,50.49,52.25,50.4,52.25,28.96,2290900
2002-07-08,51.9,52.4,51.1,52.09,28.87,2838800
2002-07-09,51.5,51.73,49.85,49.98,27.7,5156100
2002-07-10,49.0,50.2,47.36,48.18,26.7,5983300
2002-07-11,48.0,49.98,47.1,49.7,27.54,6714100
2002-07-12,49.0,50.64,48.15,50.26,27.85,3746700
2002-07-15,50.27,51.95,48.15,51.61,28.6,7169900
2002-07-16,50.77,53.3,50.72,52.35,29.01,6474800
2002-07-17,52.6,52.8,50.68,50.9,28.21,6311300
2002-07-18,50.9,50.9,43.75,48.54,26.9,17962300
2002-07-19,47.5,48.4,46.65,48.15,26.68,7225400
2002-07-22,47.9,51.0,47.51,48.68,26.98,7048600
2002-07-23,48.95,49.85,48.03,48.68,26.98,5840000
2002-07-24,47.55,50.24,47.02,49.45,27.4,6392100
2002-07-25,49.65,52.99,48.6,51.81,28.71,6485200
2002-07-26,51.81,53.9,51.4,53.7,29.76,4603700
2002-07-29,55.3,57.25,55.15,57.15,31.67,5610100
2002-07-30,56.3,59.24,56.17,58.25,32.28,5077100
2002-07-31,56.8,58.97,56.16,58.42,32.37,5907400
2002-08-01,58.42,58.42,55.0,55.0,30.48,5219600
2002-08-02,55.3,56.37,52.6,53.89,29.86,6883800
2002-08-05,53.4,53.75,51.35,51.8,28.71,3581500
2002-08-06,52.45,54.7,52.0,52.64,29.17,3587900
2002-08-07,53.2,55.74,53.16,55.52,30.77,3402200
2002-08-08,56.0,57.95,55.76,56.81,31.48,3956300
2002-08-09,56.8,57.99,56.2,57.22,31.71,2784400
2002-08-12,57.22,58.14,56.41,58.0,32.14,2643400
2002-08-13,57.5,58.21,56.0,56.0,31.2,2955100
2002-08-14,55.46,58.24,54.5,58.24,32.45,5402200
2002-08-15,58.24,58.92,57.05,57.83,32.22,3034300
2002-08-16,57.83,58.24,56.77,57.1,31.81,2993100
2002-08-19,56.65,58.3,56.63,57.78,32.19,2435400
2002-08-20,56.57,57.75,56.52,57.04,31.78,2479500
2002-08-21,56.95,58.12,56.7,58.12,32.38,2631900
2002-08-22,58.2,62.2,58.0,62.15,34.63,5901900
2002-08-23,62.0,62.0,59.5,59.57,33.19,3678100
2002-08-26,60.2,60.2,57.76,59.65,33.23,3127700
2002-08-27,59.79,60.15,58.16,58.49,32.59,3343400
2002-08-28,58.2,58.8,57.45,58.0,32.31,2025900
2002-08-29,57.3,58.15,56.53,57.01,31.76,2599600
2002-08-30,56.76,58.55,56.3,58.05,32.34,2688700
2002-09-03,57.7,57.8,55.75,55.82,31.1,3459300
2002-09-04,56.0,57.8,55.55,57.62,32.1,3033200
2002-09-05,57.0,57.0,55.75,56.2,31.31,4027500
2002-09-06,56.8,57.1,55.8,56.02,31.21,2875500
2002-09-09,56.09,57.98,55.8,57.57,32.07,3202400
2002-09-10,57.45,58.15,56.9,57.81,32.21,1799800
2002-09-11,57.81,58.91,57.72,58.04,32.34,1839800
2002-09-12,58.35,58.35,57.5,57.94,32.28,2591200
2002-09-13,57.8,58.19,57.05,58.07,32.35,2641600
2002-09-16,57.9,59.3,57.21,58.75,32.73,2542100
2002-09-17,59.65,60.0,57.28,57.58,32.08,3314700
2002-09-18,57.58,57.58,55.86,57.07,31.8,3107800
2002-09-19,56.11,56.66,55.2,55.32,30.82,2733100
2002-09-20,55.57,56.85,55.45,56.33,31.38,4413500
2002-09-23,55.9,55.94,54.73,55.1,30.7,3104100
2002-09-24,54.75,55.34,54.15,55.0,30.64,4033000
2002-09-25,56.2,56.97,55.23,56.97,31.74,4472100
2002-09-26,57.8,58.0,56.9,57.99,32.31,3366700
2002-09-27,56.5,57.1,55.17,55.64,31.0,3063200
2002-09-30,54.81,56.45,54.51,55.34,30.83,3708100
2002-10-01,55.25,57.57,55.05,57.5,32.04,3562900
2002-10-02,57.6,59.0,56.94,57.84,32.23,5104600
2002-10-03,57.29,58.95,56.9,57.35,31.95,4624100
2002-10-04,57.36,57.36,54.84,55.42,30.88,4562800
2002-10-07,56.2,57.55,55.93,56.82,31.66,3684500
2002-10-08,59.0,60.7,58.14,59.6,33.21,7612200
2002-10-09,59.01,60.07,58.97,59.8,33.32,5294300
2002-10-10,60.4,61.5,59.85,60.9,33.93,5708200
2002-10-11,61.05,62.0,60.67,62.0,34.54,4519900
2002-10-14,62.01,63.16,60.99,61.99,34.54,4685400
2002-10-15,62.5,64.01,61.8,64.01,35.66,4798300
2002-10-16,64.01,65.0,63.08,63.66,35.47,3744800
2002-10-17,64.0,64.3,62.74,63.0,35.1,3731700
2002-10-18,62.9,63.85,62.55,62.94,35.07,3387500
2002-10-21,61.95,63.37,61.15,63.2,35.21,3763500
2002-10-22,63.22,63.22,61.6,63.0,35.1,4670400
2002-10-23,58.8,59.99,56.85,58.09,32.36,11524800
2002-10-24,58.04,58.05,55.21,55.71,31.04,7216900
2002-10-25,55.71,57.4,55.71,56.95,31.73,3980000
2002-10-28,57.2,58.5,56.52,56.77,31.63,2691000
2002-10-29,57.0,57.24,55.5,56.38,31.41,2870800
2002-10-30,56.55,56.99,56.0,56.67,31.57,3231300
2002-10-31,56.5,57.7,55.2,55.5,30.92,2908900
2002-11-01,55.37,57.36,55.0,56.74,31.61,2769000
2002-11-04,57.5,59.18,56.71,58.0,32.31,3443800
2002-11-05,58.0,58.62,57.55,57.94,32.28,3310300
2002-11-06,58.9,60.81,58.89,60.48,33.7,6710200
2002-11-07,59.5,60.49,58.38,58.96,32.85,4272900
2002-11-08,58.97,62.9,58.97,62.24,34.68,5588400
2002-11-11,62.5,63.0,61.95,62.15,34.63,4615000
2002-11-12,62.79,62.79,60.56,61.39,34.2,4013500
2002-11-13,61.08,61.65,59.32,60.29,33.76,4020900
2002-11-14,61.46,62.0,61.07,61.95,34.69,2717500
2002-11-15,61.95,61.95,60.54,61.3,34.33,4267500
2002-11-18,61.31,61.31,60.1,60.38,33.81,3195800
2002-11-19,60.39,62.38,60.39,61.55,34.47,4004700
2002-11-20,61.56,63.29,60.91,63.29,35.44,3840700
2002-11-21,63.5,64.87,63.42,64.73,36.25,4525900
2002-11-22,64.74,66.04,64.65,65.73,36.81,4266500
2002-11-25,66.15,68.29,65.5,68.06,38.11,5462000
2002-11-26,68.07,68.07,63.97,64.0,35.84,9535900
2002-11-27,68.0,69.17,66.1,69.0,38.64,8015900
2002-11-29,68.35,69.2,68.05,68.3,38.25,1973800
2002-12-02,69.15,69.7,68.55,68.75,38.5,4622500
2002-12-03,68.04,68.5,66.0,67.16,37.61,5249000
2002-12-04,67.23,67.95,66.16,67.49,37.79,2549500
2002-12-05,67.49,68.5,66.66,67.07,37.56,3573900
2002-12-06,66.31,66.85,64.94,65.44,36.64,4156800
2002-12-09,65.28,67.5,65.18,65.36,36.6,3515200
2002-12-10,65.37,66.24,65.37,66.1,37.01,2157600
2002-12-11,66.4,66.47,65.27,65.85,36.87,1765800
2002-12-12,65.85,65.85,63.88,64.1,35.89,3033500
2002-12-13,63.5,65.0,63.5,64.47,36.1,2329700
2002-12-16,64.07,65.43,63.77,64.85,36.31,3853400
2002-12-17,64.85,64.99,63.56,63.96,35.82,4082700
2002-12-18,63.52,63.75,62.15,62.64,35.08,2535100
2002-12-19,62.2,63.66,62.18,62.5,35.0,2978700
2002-12-20,63.39,63.93,63.03,63.25,35.42,4226700
2002-12-23,63.8,65.4,63.61,64.45,36.09,2379700
2002-12-24,64.25,64.8,64.23,64.43,36.08,964900
2002-12-26,64.6,64.78,63.38,63.9,35.78,1900400
2002-12-27,63.0,63.24,62.55,62.84,35.19,1902600
2002-12-30,62.84,64.06,62.81,63.9,35.78,1893200
2002-12-31,63.25,64.0,63.1,63.5,35.56,1794300
2003-01-02,64.85,66.26,64.46,65.5,36.68,3625200
2003-01-03,66.24,67.19,66.2,66.99,37.51,2885300
2003-01-06,66.99,68.1,66.5,67.98,38.07,2559900
2003-01-07,67.17,68.8,66.46,66.62,37.31,3282100
2003-01-08,67.05,67.78,66.59,67.1,37.57,2416300
2003-01-09,67.1,68.0,66.35,67.23,37.65,2982400
2003-01-10,67.24,67.95,66.55,67.26,37.66,2365500
2003-01-13,67.9,67.99,66.25,66.5,37.24,2798200
2003-01-14,66.5,67.66,66.07,67.2,37.63,3116400
2003-01-15,67.4,67.42,66.72,67.28,37.68,2654800
2003-01-16,67.3,68.3,67.3,67.61,37.86,2474100
2003-01-17,67.3,67.9,65.61,65.8,36.85,2912900
2003-01-21,66.15,66.3,65.07,65.41,36.63,2435600
2003-01-22,65.7,66.75,64.87,64.95,36.37,2829300
2003-01-23,63.0,63.8,62.24,63.55,35.59,7051200
2003-01-24,63.56,63.56,61.0,61.58,34.48,4533200
2003-01-27,61.0,61.0,59.75,60.22,33.72,3972900
2003-01-28,60.49,60.95,59.55,60.94,34.12,3546400
2003-01-29,60.95,61.5,59.5,61.24,34.29,3384600
2003-01-30,61.2,61.4,59.2,59.37,33.25,2713300
2003-01-31,58.7,60.6,58.7,60.24,33.73,3583400
2003-02-03,61.1,62.76,61.05,61.68,34.54,3676900
2003-02-04,60.9,61.2,60.02,61.16,34.25,2957900
2003-02-05,61.17,62.47,60.31,60.51,33.88,2352800
2003-02-06,60.55,61.71,60.2,61.21,34.28,2284800
2003-02-07,60.6,60.75,59.35,59.76,33.46,2930300
2003-02-10,60.0,60.4,58.9,60.13,33.67,2417600
2003-02-11,60.13,60.78,59.85,60.04,33.62,2547400
2003-02-12,60.03,60.2,58.6,58.89,33.16,2719800
2003-02-13,58.37,58.6,56.22,57.29,32.26,4895700
2003-02-14,57.31,57.99,56.26,56.73,31.95,3484000
2003-02-18,57.5,58.2,57.5,57.82,32.56,3677900
2003-02-19,58.05,58.59,57.61,58.15,32.75,2993400
2003-02-20,58.75,58.75,56.85,56.85,32.01,2431300
2003-02-21,57.45,57.7,56.0,57.48,32.37,3813500
2003-02-24,57.49,57.49,56.48,56.67,31.91,2504900
2003-02-25,56.0,56.2,55.09,55.96,31.51,3290500
2003-02-26,56.1,57.32,55.5,55.58,31.3,3261200
2003-02-27,56.0,57.23,55.7,56.51,31.82,3206000
2003-02-28,56.9,57.44,56.26,56.56,31.85,2928300
2003-03-03,56.75,57.49,56.35,56.6,31.87,2812700
2003-03-04,56.52,56.94,56.02,56.2,31.65,2290800
2003-03-05,56.05,57.3,56.03,57.0,32.1,2788900
2003-03-06,56.5,56.99,55.95,55.95,31.51,2895000
2003-03-07,55.3,57.19,55.2,56.98,32.09,3016400
2003-03-10,56.84,56.84,55.79,56.0,31.53,2027200
2003-03-11,56.0,56.0,53.5,53.7,30.24,4850100
2003-03-12,53.71,54.05,52.77,54.04,30.43,3296800
2003-03-13,54.3,55.31,53.42,55.24,31.11,3561100
2003-03-14,55.04,55.24,53.69,53.98,30.4,3665300
2003-03-17,53.4,55.4,52.81,55.3,31.14,5390500
2003-03-18,55.3,56.4,55.14,55.98,31.52,2710200
2003-03-19,56.25,57.0,55.71,56.8,31.99,2603500
2003-03-20,56.81,56.99,55.71,56.63,31.89,2946800
2003-03-21,57.5,58.4,56.85,58.2,32.77,3696700
2003-03-24,58.2,58.2,56.57,56.7,31.93,2195600
2003-03-25,56.35,58.95,56.35,58.14,32.74,2803900
2003-03-26,58.35,58.45,57.46,57.86,32.58,2122700
2003-03-27,56.9,58.6,56.85,58.21,32.78,2387300
2003-03-28,57.68,58.4,57.25,58.36,32.86,2481600
2003-03-31,57.8,58.15,56.78,57.15,32.18,2181700
2003-04-01,57.55,58.4,56.72,58.33,32.85,2461000
2003-04-02,58.7,60.0,58.65,59.61,33.57,2683900
2003-04-03,59.94,60.84,59.62,60.5,34.07,2925100
2003-04-04,60.7,61.44,60.6,61.25,34.49,2826500
2003-04-07,61.74,62.8,59.68,59.81,33.68,3809400
2003-04-08,60.1,60.55,59.5,59.8,33.67,2188100
2003-04-09,58.85,60.99,58.85,59.26,33.37,2487100
2003-04-10,59.45,59.85,58.9,59.67,33.6,2027400
2003-04-11,59.67,59.8,57.96,58.36,32.86,3535500
2003-04-14,58.15,59.7,58.12,59.5,33.51,2514000
2003-04-15,59.59,59.75,58.5,59.07,33.26,2477100
2003-04-16,59.57,59.65,58.0,58.24,32.8,2679900
2003-04-17,58.15,58.7,58.06,58.38,32.87,2527400
2003-04-21,58.0,59.83,57.99,59.47,33.49,3703800
2003-04-22,59.47,61.5,59.47,61.29,34.51,3968900
2003-04-23,61.9,62.84,61.74,62.5,35.19,3746300
2003-04-24,62.54,64.58,62.3,64.05,36.07,4713400
2003-04-25,64.2,64.53,62.8,63.28,35.63,3809000
2003-04-28,63.1,64.43,62.76,64.04,36.06,2514100
2003-04-29,64.05,64.94,64.05,64.5,36.32,2523800
2003-04-30,64.5,64.6,63.7,63.82,35.94,4712700
2003-05-01,63.82,64.32,62.77,64.12,36.11,2455200
2003-05-02,64.12,64.5,63.1,64.24,36.17,2919200
2003-05-05,64.27,64.9,63.44,63.95,36.01,3100300
2003-05-06,63.9,64.4,63.45,63.99,36.03,2743900
2003-05-07,63.99,64.39,63.53,64.36,36.24,3394800
2003-05-08,64.37,64.37,63.32,63.91,35.99,3063900
2003-05-09,63.91,64.65,63.91,64.15,36.12,3225500
2003-05-12,63.8,64.41,63.55,64.37,36.25,3024500
2003-05-13,64.0,64.24,63.25,63.8,36.11,2394400
2003-05-14,64.1,64.2,62.9,63.74,36.08,2337700
2003-05-15,64.0,64.15,63.32,64.15,36.31,2718800
2003-05-16,63.95,64.08,63.3,63.53,35.96,2579500
2003-05-19,61.02,63.19,59.93,60.75,34.39,6812000
2003-05-20,60.11,60.2,57.74,58.35,33.03,8256000
2003-05-21,58.35,59.25,57.61,58.3,33.0,6659300
2003-05-22,58.3,58.3,57.24,57.73,32.68,5739200
2003-05-23,57.34,58.26,56.51,58.1,32.89,5477200
2003-05-27,57.75,59.31,56.7,59.3,33.57,6932300
2003-05-28,59.11,59.9,58.6,58.7,33.23,3933900
2003-05-29,58.7,59.48,58.02,58.22,32.96,3114300
2003-05-30,58.7,59.79,58.39,59.77,33.83,3808300
2003-06-02,60.58,60.6,57.97,58.15,32.92,4941900
2003-06-03,58.15,59.68,58.15,59.6,33.74,5199500
2003-06-04,59.32,60.6,59.05,60.18,34.07,2987200
2003-06-05,59.8,61.8,58.98,61.72,34.94,4059400
2003-06-06,62.0,63.1,60.91,61.18,34.63,4110700
2003-06-09,61.14,61.3,59.76,59.97,33.95,2367600
2003-06-10,60.0,60.3,59.22,60.23,34.09,2394600
2003-06-11,61.75,63.4,61.68,63.19,35.77,7569500
2003-06-12,63.4,64.48,63.04,64.06,36.26,5642400
2003-06-13,64.28,65.5,63.63,65.21,36.91,5241000
2003-06-16,65.95,68.02,65.72,67.85,38.41,5823000
2003-06-17,68.5,71.4,68.5,69.83,39.53,9348900
2003-06-18,69.8,70.58,68.56,69.0,39.06,6257000
2003-06-19,69.0,69.01,67.28,67.4,38.15,3929800
2003-06-20,67.8,68.95,67.4,68.53,38.79,5004300
2003-06-23,68.38,68.38,66.32,67.07,37.97,3777200
2003-06-24,67.62,69.25,67.47,68.66,38.87,4713800
2003-06-25,68.6,69.92,67.4,67.75,38.35,3241400
2003-06-26,67.95,69.53,67.26,69.53,39.36,3761900
2003-06-27,67.5,68.4,67.38,68.12,38.56,5997200
2003-06-30,68.15,69.56,68.15,68.97,39.04,4733300
2003-07-01,68.9,69.89,68.02,69.78,39.5,3947700
2003-07-02,69.78,69.99,69.2,69.61,39.4,2743100
2003-07-03,69.61,69.96,69.02,69.27,39.21,1805100
2003-07-07,69.5,70.44,69.5,70.33,39.81,2964200
2003-07-08,69.35,69.42,68.52,69.17,39.15,2982200
2003-07-09,68.8,68.98,67.6,67.91,38.44,4263000
2003-07-10,67.6,67.65,66.62,67.08,37.97,2906000
2003-07-11,67.03,67.8,66.6,67.45,38.18,2593600
2003-07-14,68.4,68.46,67.04,67.35,38.12,2253200
2003-07-15,67.48,67.62,65.71,65.83,37.26,3966800
2003-07-16,66.26,66.5,65.32,66.23,37.49,2275000
2003-07-17,66.48,68.0,66.27,66.81,37.82,4447100
2003-07-18,66.81,67.3,65.7,67.18,38.03,2765700
2003-07-21,67.18,67.18,65.41,66.14,37.44,2192300
2003-07-22,66.2,66.55,65.06,65.89,37.3,2635700
2003-07-23,66.07,66.55,65.08,66.07,37.4,2230900
2003-07-24,67.1,68.25,66.75,66.82,37.82,4310100
2003-07-25,66.82,67.4,61.87,67.35,38.12,2085100
2003-07-28,67.2,67.57,66.27,66.62,37.71,2389000
2003-07-29,66.57,66.75,64.81,64.88,36.73,3574200
2003-07-30,65.15,66.6,65.03,66.55,37.67,3535500
2003-07-31,66.95,67.31,65.35,65.84,37.27,3260200
2003-08-01,65.1,65.17,63.42,64.0,36.23,3763900
2003-08-04,64.0,64.8,62.95,64.62,36.58,2536100
2003-08-05,64.5,65.38,63.7,63.81,36.12,2570200
2003-08-06,63.8,63.93,62.82,62.94,35.63,3196700
2003-08-07,63.25,64.0,63.08,63.85,36.14,2517300
2003-08-08,63.98,64.05,62.6,62.93,35.62,2286800
2003-08-11,62.7,63.28,62.53,63.07,35.7,2133500
2003-08-12,63.25,63.27,62.51,62.88,35.59,2256300
2003-08-13,62.55,62.97,61.98,62.2,35.4,2134100
2003-08-14,62.0,62.15,61.3,61.4,34.94,2829200
2003-08-15,61.6,61.9,60.81,61.63,35.07,1726800
2003-08-18,61.5,61.93,61.31,61.66,35.09,2068000
2003-08-19,61.7,61.8,61.0,61.25,34.86,2652900
2003-08-20,61.25,61.89,61.18,61.62,35.07,3211000
2003-08-21,63.48,64.44,62.99,63.56,36.17,11239400
2003-08-22,63.8,63.8,62.25,62.8,35.74,4847300
2003-08-25,62.8,63.67,62.76,63.58,36.18,3302500
2003-08-26,63.4,64.68,63.4,64.56,36.74,4173200
2003-08-27,64.31,65.48,64.31,65.22,37.12,2752100
2003-08-28,65.5,65.99,64.73,65.87,37.49,2978100
2003-08-29,65.8,66.6,65.5,66.53,37.86,2460000
2003-09-02,66.6,67.02,65.55,66.8,38.02,3385300
2003-09-03,63.04,64.0,61.79,62.1,35.34,12242000
2003-09-04,61.25,61.47,60.25,61.04,34.74,8720400
2003-09-05,61.86,62.25,60.86,61.0,34.71,8230700
2003-09-08,61.38,62.3,61.35,61.75,35.14,3950700
2003-09-09,61.6,62.14,61.39,61.44,34.97,2781000
2003-09-10,61.45,62.3,61.45,62.03,35.3,3367300
2003-09-11,62.45,62.58,60.81,60.98,34.7,3307200
2003-09-12,61.4,61.65,61.05,61.49,34.99,3223200
2003-09-15,61.9,61.9,60.9,60.9,34.66,2525300
2003-09-16,61.01,61.2,59.95,61.0,34.71,3281500
2003-09-17,60.07,61.55,60.07,60.74,34.57,2916700
2003-09-18,60.88,61.82,60.8,61.04,34.74,2792800
2003-09-19,61.04,61.67,60.12,60.21,34.27,3506200
2003-09-22,60.21,60.21,59.02,59.25,33.72,3418000
2003-09-23,60.0,60.24,59.58,59.83,34.05,2567900
2003-09-24,59.6,60.11,58.9,59.25,33.72,3726800
2003-09-25,59.6,59.68,58.72,58.72,33.42,2534700
2003-09-26,58.73,58.74,57.91,57.99,33.0,3926700
2003-09-29,58.09,58.49,57.9,58.2,33.12,2956600
2003-09-30,58.5,59.7,58.18,59.4,33.8,4809000
2003-10-01,62.0,63.2,61.55,63.01,35.86,10990300
2003-10-02,62.9,63.65,62.52,63.51,36.14,4068900
2003-10-03,64.25,64.3,63.3,63.4,36.08,3751100
2003-10-06,63.5,63.87,63.24,63.43,36.1,2370700
2003-10-07,63.43,63.55,62.26,63.0,35.85,3047200
2003-10-08,63.2,63.29,62.09,62.28,35.44,2379700
2003-10-09,63.0,63.3,62.01,62.17,35.38,2749100
2003-10-10,62.55,62.77,61.94,62.31,35.46,1767100
2003-10-13,62.31,62.59,61.96,62.04,35.31,1405200
2003-10-14,61.54,62.42,61.36,62.38,35.5,3056200
2003-10-15,62.38,62.84,61.29,61.66,35.09,2537600
2003-10-16,61.27,62.11,61.27,61.92,35.24,2662000
2003-10-17,61.99,62.22,61.02,61.16,34.81,2780600
2003-10-20,61.32,61.55,60.63,61.55,35.03,2418000
2003-10-21,61.55,62.75,61.55,62.5,35.57,2429300
2003-10-22,61.8,61.81,60.34,60.78,34.59,3805300
2003-10-23,63.48,65.6,61.92,65.1,37.05,8187400
2003-10-24,65.1,66.29,64.62,66.29,37.73,6062500
2003-10-27,66.29,67.29,66.29,66.65,37.93,4009700
2003-10-28,66.72,67.35,66.33,67.35,38.33,3029700
2003-10-29,67.25,67.25,66.01,66.13,37.63,3044500
2003-10-30,67.1,67.9,66.28,66.64,37.92,4629400
2003-10-31,66.89,67.7,66.55,66.62,37.91,3641500
2003-11-03,66.63,66.95,66.29,66.75,37.99,2029100
2003-11-04,65.87,66.19,64.9,65.25,37.13,2871100
2003-11-05,65.13,66.04,65.0,66.04,37.58,2782600
2003-11-06,65.9,66.6,65.55,66.38,37.78,2449200
2003-11-07,66.46,66.95,65.5,65.85,37.47,2677100
2003-11-10,65.58,65.9,65.27,65.53,37.29,1875000
2003-11-11,65.11,65.58,64.9,65.03,37.01,1921200
2003-11-12,65.0,66.72,64.54,66.19,37.86,3678700
2003-11-13,66.2,69.6,66.0,69.05,39.5,7427200
2003-11-14,69.2,71.98,69.2,71.28,40.78,9593800
2003-11-17,69.5,71.47,69.5,70.7,40.44,4567300
2003-11-18,70.7,71.87,70.6,70.94,40.58,3218800
2003-11-19,71.1,72.8,70.8,72.54,41.5,4464700
2003-11-20,72.01,72.55,71.43,71.53,40.92,3328200
2003-11-21,71.53,71.89,69.41,69.61,39.82,6539700
2003-11-24,70.12,70.95,70.05,70.5,40.33,3582400
2003-11-25,70.6,70.98,70.16,70.67,40.43,3415400
2003-11-26,69.95,69.95,68.39,69.3,39.64,6350000
2003-11-28,69.3,69.31,68.35,68.8,39.36,2356000
2003-12-01,68.56,70.5,68.5,70.3,40.21,4229800
2003-12-02,69.55,70.69,69.33,69.5,39.76,4045700
2003-12-03,69.6,70.18,68.98,68.98,39.46,3171300
2003-12-04,69.3,69.7,68.32,69.01,39.48,2454500
2003-12-05,68.56,68.99,68.25,68.8,39.36,2214300
2003-12-08,68.8,70.1,68.45,70.03,40.06,3243700
2003-12-09,70.13,70.55,69.58,70.55,40.36,3456000
2003-12-10,70.55,70.84,70.0,70.4,40.27,3572800
2003-12-11,70.9,72.1,70.56,71.8,41.07,3655600
2003-12-12,71.7,72.19,70.98,72.19,41.3,2997600
2003-12-15,72.68,72.79,71.68,71.69,41.01,2500500
2003-12-16,71.69,73.29,71.68,73.29,41.92,3616400
2003-12-17,73.01,73.13,72.19,72.48,41.46,2746100
2003-12-18,72.48,73.26,72.35,73.12,41.83,2779100
2003-12-19,73.35,73.89,72.77,73.89,42.27,3762300
2003-12-22,73.52,73.52,71.8,72.2,41.3,3727600
2003-12-23,71.63,72.19,69.99,70.52,40.34,4794600
2003-12-24,70.52,70.79,70.45,70.5,40.33,1446100
2003-12-26,70.65,71.08,70.5,70.62,40.4,494400
2003-12-29,71.3,71.62,70.62,71.62,40.97,2661500
2003-12-30,71.65,71.75,70.65,70.93,40.57,3109600
2003-12-31,70.9,70.94,70.04,70.33,40.23,3583800
2004-01-02,70.85,72.15,70.7,71.24,40.75,3780500
2004-01-05,70.4,71.2,69.9,70.19,40.15,6774200
2004-01-06,70.0,70.24,69.5,70.13,40.12,5398600
2004-01-07,69.56,69.88,69.26,69.82,39.94,4336100
2004-01-08,69.57,69.68,67.92,68.1,38.96,5579100
2004-01-09,67.9,68.18,67.48,67.58,38.66,4468400
2004-01-12,67.95,69.09,67.8,68.83,39.37,4530300
2004-01-13,68.71,68.91,68.2,68.6,39.24,3662100
2004-01-14,68.35,69.44,68.0,69.2,39.59,3862000
2004-01-15,69.31,69.52,68.76,69.51,39.76,3355400
2004-01-16,69.8,70.17,69.65,70.06,40.08,4237600
2004-01-20,70.1,70.2,69.61,69.75,39.9,3605500
2004-01-21,69.76,70.8,69.1,70.8,40.5,3874500
2004-01-22,70.55,71.03,70.25,70.95,40.59,3444000
2004-01-23,70.98,71.0,69.08,69.46,39.73,3936800
2004-01-26,69.01,69.39,68.65,68.89,39.41,4528300
2004-01-27,68.89,69.37,68.35,68.45,39.16,3744300
2004-01-28,68.6,68.73,66.7,66.92,38.28,5062800
2004-01-29,66.75,68.59,66.55,68.4,39.13,4522100
2004-01-30,68.55,68.55,67.21,68.04,38.92,3057800
2004-02-02,67.78,69.91,67.52,69.05,39.5,3619100
2004-02-03,69.05,69.67,68.52,69.4,39.7,2781200
2004-02-04,69.4,70.63,69.05,70.5,40.33,4762700
2004-02-05,70.99,71.51,70.51,71.45,40.87,3950900
2004-02-06,71.45,72.89,71.27,72.85,41.67,4447700
2004-02-09,72.9,73.49,72.26,73.22,41.88,3696200
2004-02-10,73.22,74.71,72.96,74.54,42.64,5371900
2004-02-11,74.16,74.7,73.76,74.7,42.94,4473800
2004-02-12,74.7,74.7,73.35,73.58,42.29,5780500
2004-02-13,73.59,73.65,72.74,73.5,42.25,2437600
2004-02-17,73.51,73.57,72.64,72.96,41.94,2370200
2004-02-18,72.85,72.98,72.04,72.46,41.65,2502900
2004-02-19,72.71,73.54,72.4,72.65,41.76,3383400
2004-02-20,72.69,73.25,72.16,72.47,41.65,2167700
2004-02-23,72.48,72.65,71.76,72.02,41.4,1825300
2004-02-24,71.96,72.5,71.43,72.37,41.6,2661300
2004-02-25,72.62,72.86,72.39,72.79,41.84,2678600
2004-02-26,73.05,73.63,72.96,73.6,42.3,2452700
2004-02-27,73.46,74.46,70.0,73.94,42.5,3223500
2004-03-01,73.85,73.85,72.95,73.44,42.21,3299300
2004-03-02,73.3,73.8,72.23,72.63,41.75,1881600
2004-03-03,72.6,73.18,71.79,73.08,42.0,1630500
2004-03-04,73.15,73.17,72.18,73.12,42.03,2070700
2004-03-05,73.0,73.83,72.73,73.46,42.22,2249500
2004-03-08,73.6,73.98,72.71,72.8,41.84,1997000
2004-03-09,72.87,73.1,70.78,71.85,41.3,4915200
2004-03-10,71.9,71.98,70.34,70.49,40.52,3915300
2004-03-11,70.48,70.7,69.0,69.17,39.76,3918700
2004-03-12,69.6,70.93,69.34,70.93,40.77,3059000
2004-03-15,70.34,70.51,69.4,69.68,40.05,3090500
2004-03-16,70.0,70.97,70.0,70.67,40.62,3043600
2004-03-17,70.55,70.57,69.35,69.83,40.14,3435900
2004-03-18,69.3,70.17,69.02,69.82,40.13,2888300
2004-03-19,69.42,69.66,68.54,68.63,39.45,3000700
2004-03-22,68.63,69.23,67.74,67.96,39.06,3264000
2004-03-23,68.24,68.75,67.51,67.55,38.83,3193600
2004-03-24,67.65,67.77,66.04,66.49,38.22,4967000
2004-03-25,66.49,66.49,64.51,65.5,37.65,6332700
2004-03-26,65.4,65.68,64.65,65.0,37.36,5019500
2004-03-29,65.25,66.07,65.17,65.6,37.71,4241400
2004-03-30,66.0,66.18,65.39,65.8,37.82,3444300
2004-03-31,67.5,68.36,66.8,66.9,38.45,5951000
2004-04-01,67.4,67.93,67.01,67.6,38.86,5346400
2004-04-02,68.8,69.4,68.45,68.7,39.49,4923500
2004-04-05,68.95,69.17,68.32,69.15,39.75,3705400
2004-04-06,68.65,68.99,68.12,68.78,39.53,2050500
2004-04-07,68.75,69.89,68.47,69.4,39.89,3914400
2004-04-08,69.9,70.15,68.21,68.88,39.59,3592400
2004-04-12,69.48,69.48,68.77,69.21,39.78,1516100
2004-04-13,69.7,69.82,69.1,69.34,39.86,3434100
2004-04-14,69.02,70.41,69.02,70.41,40.47,3321900
2004-04-15,70.98,72.9,70.81,72.9,41.9,6059600
2004-04-16,72.98,73.35,72.02,72.45,41.64,4938300
2004-04-19,72.5,73.74,72.5,73.4,42.19,4933400
2004-04-20,73.4,73.82,72.25,72.25,41.53,3665700
2004-04-21,72.25,73.85,71.73,73.41,42.19,3355900
2004-04-22,73.41,74.76,73.02,74.02,42.55,3648000
2004-04-23,73.77,74.12,72.89,73.15,42.05,2891700
2004-04-26,73.31,73.93,72.8,73.35,42.16,2140300
2004-04-27,73.7,74.88,73.42,73.78,42.41,2968000
2004-04-28,73.65,73.85,73.08,73.65,42.33,2685700
2004-04-29,73.73,74.67,72.76,73.4,42.19,2793700
2004-04-30,73.68,74.72,73.43,73.81,42.42,3089200
2004-05-03,73.82,74.99,73.81,74.64,42.9,3010000
2004-05-04,74.69,75.97,74.5,75.33,43.3,3909600
2004-05-05,75.08,75.84,75.0,75.33,43.3,2844400
2004-05-06,74.8,76.63,74.75,76.26,43.83,3639800
2004-05-07,76.5,76.95,75.51,75.55,43.42,3479000
2004-05-10,75.55,76.15,73.58,74.38,42.75,5019800
2004-05-11,73.95,74.55,73.59,73.85,42.45,3235800
2004-05-12,73.25,74.0,72.09,73.71,42.57,3512400
2004-05-13,73.55,73.95,73.07,73.26,42.31,2206400
2004-05-14,73.26,74.49,72.98,73.85,42.65,1971400
2004-05-17,72.84,73.35,72.35,72.93,42.12,3885500
2004-05-18,72.93,73.31,72.27,72.57,41.91,2687000
2004-05-19,72.7,73.0,71.7,71.88,41.51,2757000
2004-05-20,72.2,72.56,71.44,72.31,41.76,2966200
2004-05-21,72.4,72.69,71.5,71.98,41.57,2124700
2004-05-24,72.1,72.1,70.31,70.77,40.87,3351600
2004-05-25,70.78,72.24,70.5,72.07,41.62,3059400
2004-05-26,72.95,73.89,72.75,73.42,42.4,4105800
2004-05-27,73.95,74.48,73.61,73.96,42.72,2397400
2004-05-28,73.67,73.95,73.1,73.67,42.55,2249400
2004-06-01,73.85,74.75,73.67,74.74,43.17,2898100
2004-06-02,74.95,74.99,74.09,74.5,43.03,2447300
2004-06-03,74.51,75.4,74.3,74.36,42.95,2252400
2004-06-04,74.6,75.83,74.5,75.0,43.32,2801200
2004-06-07,75.65,75.67,74.81,75.66,43.7,2056700
2004-06-08,75.2,75.65,74.85,75.38,43.54,1872800
2004-06-09,75.1,75.1,73.46,73.57,42.49,3608900
2004-06-10,74.0,74.15,73.31,73.64,42.53,1700000
2004-06-14,73.3,74.05,72.52,72.7,41.99,2781700
2004-06-15,73.2,73.3,72.4,72.62,41.94,2257300
2004-06-16,72.8,73.91,72.6,73.2,42.28,2072800
2004-06-17,72.9,73.69,72.58,73.54,42.47,1998000
2004-06-18,73.0,74.07,73.0,73.58,42.5,3512800
2004-06-21,73.3,73.47,72.67,72.67,41.97,1842500
2004-06-22,72.67,73.2,72.41,72.93,42.12,2621100
2004-06-23,72.65,73.49,72.1,73.14,42.24,2032300
2004-06-24,72.65,73.14,72.52,72.73,42.01,1435600
2004-06-25,72.15,72.2,71.39,71.4,41.24,4148900
2004-06-28,71.75,72.41,71.51,71.7,41.41,3116100
2004-06-29,71.6,72.13,69.82,70.25,40.57,6256700
2004-06-30,70.25,70.73,69.47,69.91,40.38,5540100
2004-07-01,69.91,70.3,68.23,68.93,39.81,4751000
2004-07-02,68.94,69.81,68.78,69.37,40.06,3236700
2004-07-06,69.17,69.17,68.13,68.28,39.44,2614600
2004-07-07,67.78,68.48,67.06,67.53,39.0,3196200
2004-07-08,67.51,69.57,67.51,67.88,39.2,3601600
2004-07-09,68.0,68.23,66.8,67.0,38.7,3123200
2004-07-12,67.01,68.4,66.97,68.12,39.34,2949900
2004-07-13,68.12,68.53,68.03,68.43,39.52,2939000
2004-07-14,68.15,69.08,67.8,67.99,39.27,2172700
2004-07-15,68.1,68.32,66.77,66.83,38.6,3579500
2004-07-16,66.84,67.2,65.64,66.3,38.29,3919100
2004-07-19,66.28,66.38,65.51,65.53,37.85,3247200
2004-07-20,65.3,65.64,64.14,64.67,37.35,5220600
2004-07-21,64.9,66.94,64.8,65.28,37.7,4294600
2004-07-22,64.1,66.0,64.05,64.74,37.39,3993100
2004-07-23,63.25,64.16,62.63,62.71,36.22,5203400
2004-07-26,63.1,63.11,61.64,62.14,35.89,3893300
2004-07-27,62.5,63.95,62.27,63.07,36.43,5439800
2004-07-28,62.86,63.84,62.01,63.69,36.78,4209900
2004-07-29,63.35,64.12,63.03,63.64,36.76,2867400
2004-07-30,63.4,64.37,63.26,63.72,36.8,2162100
2004-08-02,63.72,64.19,63.36,63.55,36.7,1805100
2004-08-03,63.6,64.09,63.18,63.22,36.51,2581200
2004-08-04,64.1,64.49,63.02,63.65,36.76,3622100
2004-08-05,63.7,63.77,61.3,61.41,35.47,3328800
2004-08-06,61.02,61.2,60.25,61.0,35.23,3792700
2004-08-09,61.25,61.3,60.3,60.47,34.92,2148600
2004-08-10,60.65,61.1,59.78,61.06,35.27,3483500
2004-08-11,60.21,62.7,60.21,62.6,36.37,3920000
2004-08-12,62.41,62.84,61.6,62.06,36.05,2507200
2004-08-13,62.25,62.67,61.52,61.57,35.77,3076200
2004-08-16,61.97,63.2,61.77,63.09,36.65,2859300
2004-08-17,63.08,63.43,62.51,62.83,36.5,2658500
2004-08-18,62.98,64.68,62.55,64.56,37.5,3489600
2004-08-19,64.56,64.56,63.2,64.35,37.38,3401400
2004-08-20,64.35,64.74,64.21,64.5,37.47,2296300
2004-08-23,64.5,64.84,64.22,64.4,37.41,2011200
2004-08-24,64.65,64.92,64.31,64.7,37.59,2186200
2004-08-25,64.83,64.96,64.32,64.48,37.46,2287900
2004-08-26,64.19,64.49,63.28,63.53,36.91,3415500
2004-08-27,63.85,64.56,63.7,64.32,37.37,1566500
2004-08-30,64.0,64.03,62.99,63.2,36.71,2325000
2004-08-31,63.35,63.77,62.8,63.45,36.86,2014400
2004-09-01,63.5,64.18,62.99,64.11,37.24,3085700
2004-09-02,64.11,65.0,64.0,64.8,37.64,1945900
2004-09-03,64.89,65.25,64.77,64.98,37.75,1998900
2004-09-07,65.3,66.5,65.3,66.0,38.34,2948900
2004-09-08,65.78,66.46,64.9,65.07,37.8,2198100
2004-09-09,65.32,65.95,65.15,65.73,38.18,2713000
2004-09-10,65.73,65.96,65.01,65.85,38.25,1928000
2004-09-13,65.98,66.0,65.45,65.45,38.02,2860000
2004-09-14,65.46,66.69,65.46,66.46,38.61,3820800
2004-09-15,66.65,67.3,66.59,67.15,39.01,3205900
2004-09-16,67.02,67.19,66.67,66.76,38.78,2291500
2004-09-17,66.98,66.98,66.26,66.39,38.57,2637600
2004-09-20,66.29,66.44,65.08,65.51,38.06,2432600
2004-09-21,65.5,65.51,64.85,65.16,37.85,3256500
2004-09-22,64.65,64.97,63.65,63.92,37.13,2874800
2004-09-23,64.25,64.45,63.48,63.5,36.89,2254100
2004-09-24,63.5,64.08,63.24,63.66,36.98,1810700
2004-09-27,63.67,63.85,62.75,62.9,36.54,1893100
2004-09-28,63.0,63.05,61.81,62.05,36.05,4064100
2004-09-29,62.0,62.2,61.2,61.85,35.93,3178900
2004-09-30,61.3,61.7,59.72,60.05,34.88,7016600
2004-10-01,60.25,61.83,60.23,61.4,35.67,3458300
2004-10-04,61.4,62.38,61.4,61.56,35.76,3311200
2004-10-05,61.71,62.32,61.5,62.01,36.02,2190800
2004-10-06,62.02,62.03,60.46,61.47,35.71,3824700
2004-10-07,61.55,61.86,59.39,59.56,34.6,5547800
2004-10-08,59.5,60.39,59.01,59.08,34.32,3905900
2004-10-11,59.16,59.5,58.8,59.0,34.27,2688200
2004-10-12,57.3,58.1,57.07,57.15,33.2,6097600
2004-10-13,57.15,57.34,55.83,56.3,32.71,5223000
2004-10-14,56.38,56.99,56.03,56.03,32.55,3904300
2004-10-15,56.28,57.57,56.03,57.35,33.32,6463700
2004-10-18,57.0,57.79,57.0,57.4,33.35,3307200
2004-10-19,57.4,57.5,55.83,56.0,32.53,4170800
2004-10-20,55.9,56.05,54.82,55.1,32.01,6387200
2004-10-21,54.26,54.88,52.28,52.64,30.58,10637200
2004-10-22,52.4,52.86,51.63,51.85,30.12,9597700
2004-10-25,51.85,52.0,50.34,50.44,29.3,6367300
2004-10-26,50.35,52.52,50.35,52.45,30.47,6071200
2004-10-27,53.75,56.58,53.41,56.2,32.65,9657400
2004-10-28,56.05,56.3,55.32,56.04,32.56,5004100
2004-10-29,55.81,56.0,53.96,54.91,31.9,6141600
2004-11-01,54.91,55.55,54.56,55.15,32.04,4770400
2004-11-02,54.75,56.23,54.73,55.12,32.02,5324400
2004-11-03,57.7,58.79,56.0,56.63,32.9,9225500
2004-11-04,56.88,57.44,56.01,57.32,33.3,5210900
2004-11-05,57.46,58.2,57.15,57.6,33.46,4160500
2004-11-08,57.2,57.65,56.5,56.95,33.08,3422400
2004-11-09,56.95,57.34,56.36,56.53,32.84,2734800
2004-11-10,56.45,56.47,55.45,55.62,32.52,3495700
2004-11-11,55.6,56.72,55.21,55.99,32.73,2785000
2004-11-12,56.1,56.29,55.07,56.21,32.86,2678900
2004-11-15,56.15,57.18,56.0,57.18,33.43,3313900
2004-11-16,57.18,57.44,56.7,56.81,33.21,4602300
2004-11-17,57.44,57.5,55.78,55.86,32.66,3409200
2004-11-18,56.3,56.5,56.03,56.4,32.97,2699600
2004-11-19,56.65,56.65,55.1,55.22,32.28,3332900
2004-11-22,55.24,56.2,54.7,56.13,32.81,4176100
2004-11-23,55.92,56.13,53.83,54.63,31.94,4773700
2004-11-24,54.95,55.25,54.39,54.79,32.03,2881300
2004-11-26,54.61,55.39,54.54,54.75,32.01,1044600
2004-11-29,55.25,55.25,53.45,54.32,31.76,5651100
2004-11-30,54.0,54.42,53.31,53.33,31.18,3590000
2004-12-01,53.85,54.47,53.7,54.47,31.84,3534200
2004-12-02,54.47,55.57,54.2,54.79,32.03,3260200
2004-12-03,54.9,55.35,54.21,54.5,31.86,2690900
2004-12-06,54.5,54.85,53.87,54.6,31.92,2665700
2004-12-07,54.61,55.01,53.64,53.66,31.37,2683000
2004-12-08,54.35,54.56,53.68,54.34,31.77,3757200
2004-12-09,53.7,54.76,53.42,54.68,31.97,4457800
2004-12-10,54.77,55.2,54.62,55.04,32.18,4138500
2004-12-13,55.45,56.14,55.44,56.05,32.77,4242900
2004-12-14,56.05,57.34,56.05,57.0,33.32,4593900
2004-12-15,57.2,57.44,56.44,56.72,33.16,3699900
2004-12-16,56.8,57.82,56.62,57.4,33.56,4659500
2004-12-17,55.4,56.15,53.36,56.02,32.75,13640700
2004-12-20,56.06,56.49,55.01,55.3,32.33,5305200
2004-12-21,55.31,55.81,55.1,55.81,32.63,4070300
2004-12-22,55.45,56.8,55.45,56.62,33.1,4181300
2004-12-23,56.47,57.78,56.41,57.26,33.47,3152300
2004-12-27,57.37,58.01,57.18,57.18,33.43,2406300
2004-12-28,57.04,57.67,57.01,57.43,33.57,1916200
2004-12-29,57.12,57.25,56.73,57.25,33.47,2743200
2004-12-30,57.45,57.75,57.26,57.5,33.61,2532200
2004-12-31,56.75,57.14,56.7,56.75,33.18,4178300
2005-01-03,56.77,57.04,56.2,56.25,32.88,3157300
2005-01-04,56.6,56.84,55.45,55.5,32.45,4277600
2005-01-05,55.73,56.19,55.5,56.08,32.78,3393900
2005-01-06,56.0,56.79,55.89,56.53,33.05,2940100
2005-01-07,56.53,56.7,56.17,56.26,32.89,2948600
2005-01-10,56.1,57.09,55.9,56.94,33.29,2908000
2005-01-11,56.94,57.12,56.4,57.03,33.34,3392100
2005-01-12,57.07,57.83,56.89,57.78,33.78,4472700
2005-01-13,57.53,57.75,56.41,56.42,32.98,3659900
2005-01-14,56.35,57.3,56.28,57.25,33.47,3207400
2005-01-18,57.25,57.68,56.61,57.54,33.64,3080100
2005-01-19,57.43,57.68,56.96,57.0,33.32,2463400
2005-01-20,57.0,57.35,56.11,56.43,32.99,3297300
2005-01-21,56.2,56.32,55.28,55.32,32.34,3470600
2005-01-24,55.55,55.68,54.84,54.84,32.06,3075500
2005-01-25,55.35,55.7,54.78,54.85,32.07,3015800
2005-01-26,56.25,57.17,55.39,55.5,32.45,6320300
2005-01-27,55.25,55.82,55.05,55.57,32.49,3915200
2005-01-28,55.35,55.35,52.86,53.58,31.32,5922500
2005-01-31,53.74,54.7,53.65,54.24,31.71,4901300
2005-02-01,54.25,54.77,53.85,54.76,32.01,2690100
2005-02-02,54.62,55.49,54.42,55.14,32.24,2721700
2005-02-03,55.14,55.2,54.61,54.87,32.08,3401500
2005-02-04,54.71,55.35,54.5,55.03,32.17,2220300
2005-02-07,55.28,56.16,55.15,55.74,32.59,2045600
2005-02-08,55.2,55.6,55.06,55.4,32.39,2800300
2005-02-09,55.7,56.12,54.58,54.65,31.95,2539100
2005-02-10,54.98,55.0,54.5,54.8,32.04,1982000
2005-02-11,54.64,56.69,54.6,55.5,32.67,2713900
2005-02-14,55.95,55.98,55.04,55.4,32.61,2105300
2005-02-15,55.25,55.9,54.95,55.77,32.83,3362100
2005-02-16,55.52,55.84,55.04,55.43,32.63,2534800
2005-02-17,55.29,55.69,55.01,55.13,32.45,2760300
2005-02-18,55.23,55.23,54.35,54.6,32.14,4445700
2005-02-22,54.67,55.1,54.5,54.56,32.12,3842100
2005-02-23,54.7,55.04,54.56,54.83,32.28,2189200
2005-02-24,54.93,55.19,54.57,55.12,32.45,2534600
2005-02-25,55.03,55.88,54.94,55.83,32.87,2425400
2005-02-28,55.86,56.3,55.26,56.0,32.97,3016200
2005-03-01,56.2,56.64,55.97,56.49,33.25,2692100
2005-03-02,56.08,57.0,55.87,56.35,33.17,2889100
2005-03-03,56.6,56.6,55.56,56.15,33.05,1933300
2005-03-04,56.65,56.9,56.02,56.76,33.41,3032000
2005-03-07,56.99,57.41,56.82,57.32,33.74,2819500
2005-03-08,57.28,57.42,56.52,56.74,33.4,2699900
2005-03-09,56.25,56.37,55.3,55.6,32.73,4725200
2005-03-10,55.6,55.9,55.17,55.56,32.71,3238700
2005-03-11,55.72,55.75,54.7,54.85,32.29,3217300
2005-03-14,54.89,55.0,53.53,53.7,31.61,5856400
2005-03-15,53.95,54.0,52.65,52.7,31.02,4783900
2005-03-16,52.74,52.97,51.82,52.29,30.78,4564800
2005-03-17,52.29,52.7,51.83,52.23,30.75,3998600
2005-03-18,52.23,52.65,51.65,52.52,30.92,5215200
2005-03-21,52.52,52.65,51.97,51.98,30.6,2254100
2005-03-22,51.99,52.48,51.8,51.84,30.52,3315600
2005-03-23,51.8,53.05,51.65,52.78,31.07,5705600
2005-03-24,52.85,53.47,52.76,52.9,31.14,3108000
2005-03-28,52.91,52.92,52.06,52.75,31.05,3254800
2005-03-29,52.55,52.6,51.32,51.73,30.45,5910700
2005-03-30,52.45,52.83,52.02,52.77,31.06,3819200
2005-03-31,52.77,52.77,52.05,52.1,30.67,2884400
2005-04-01,52.3,52.55,51.09,51.19,30.13,4281900
2005-04-04,51.52,51.75,51.08,51.33,30.22,4251800
2005-04-05,51.62,53.3,51.62,53.21,31.32,4651600
2005-04-06,53.35,53.75,52.81,53.56,31.53,4341400
2005-04-07,53.24,54.44,53.1,54.0,31.79,4335400
2005-04-08,54.15,54.67,54.01,54.31,31.97,4089100
2005-04-11,54.31,54.68,54.01,54.37,32.01,2860200
2005-04-12,54.05,54.1,52.9,53.82,31.68,5428200
2005-04-13,53.8,57.9,53.44,57.12,33.63,17838600
2005-04-14,56.88,57.09,55.15,55.16,32.47,15798400
2005-04-15,59.8,59.89,57.43,58.07,34.18,33421300
2005-04-18,58.15,59.22,57.76,59.0,34.73,12307300
2005-04-19,59.0,59.68,59.0,59.45,35.0,5896200
2005-04-20,59.25,59.7,58.01,58.02,34.16,7336300
2005-04-21,58.97,58.99,58.03,58.5,34.44,5615400
2005-04-22,58.25,58.74,58.02,58.4,34.38,3968900
2005-04-25,58.53,59.19,58.4,58.77,34.6,4128300
2005-04-26,58.25,58.99,58.13,58.4,34.38,3592800
2005-04-27,58.2,58.29,57.21,58.23,34.28,3413800
2005-04-28,58.23,58.5,57.25,58.0,34.14,3765300
2005-04-29,58.14,58.47,57.7,58.47,34.42,4391200
2005-05-02,58.7,59.1,57.93,58.91,34.68,3552400
2005-05-03,59.0,59.98,58.92,59.75,35.17,5701800
2005-05-04,59.98,60.47,59.51,60.26,35.47,5656500
2005-05-05,60.1,60.64,59.78,60.44,35.58,3436200
2005-05-06,60.57,60.98,60.15,60.18,35.43,4744800
2005-05-09,60.08,60.08,59.44,59.76,35.18,3696600
2005-05-10,59.41,59.64,59.08,59.13,34.81,3303900
2005-05-11,58.41,58.98,58.23,58.75,34.81,2655700
2005-05-12,58.85,59.7,58.8,59.19,35.07,2666700
2005-05-13,58.63,59.22,58.21,58.76,34.81,3003400
2005-05-16,58.93,59.7,58.8,59.4,35.19,2011500
2005-05-17,59.43,59.62,58.89,59.56,35.29,1858300
2005-05-18,60.0,60.74,59.92,60.36,35.76,5411500
2005-05-19,60.61,60.83,59.6,59.94,35.51,3866200
2005-05-20,59.9,59.9,58.61,58.9,34.9,5058200
2005-05-23,58.69,59.48,58.35,58.72,34.79,2943400
2005-05-24,58.05,59.29,58.05,58.62,34.73,2715500
2005-05-25,58.75,59.05,58.31,58.7,34.78,2958400
2005-05-26,58.78,59.46,58.73,59.1,35.02,2621000
2005-05-27,58.98,59.26,58.55,59.05,34.99,2330900
2005-05-31,59.06,59.22,58.27,58.3,34.54,3970200
2005-06-01,58.3,58.77,58.0,58.45,34.63,3177700
2005-06-02,58.21,58.34,58.0,58.19,34.48,1737200
2005-06-03,58.13,58.34,57.65,57.65,34.16,3358800
2005-06-06,57.75,58.23,57.47,57.69,34.18,2193900
2005-06-07,58.13,58.93,57.65,57.65,34.16,3272500
2005-06-08,58.0,58.04,57.1,57.37,33.99,3352200
2005-06-09,57.48,57.75,56.95,57.07,33.81,3242300
2005-06-10,57.38,57.6,56.74,56.99,33.77,2319500
2005-06-13,57.01,57.63,56.5,57.3,33.95,2349900
2005-06-14,57.22,57.99,57.11,57.65,34.16,2494900
2005-06-15,57.92,57.95,56.82,57.36,33.99,2178400
2005-06-16,57.78,58.56,57.59,58.36,34.58,3382800
2005-06-17,58.91,58.98,58.21,58.52,34.67,3758100
2005-06-20,58.2,58.55,57.77,58.05,34.39,3087500
2005-06-21,58.05,58.54,57.97,58.12,34.44,2350100
2005-06-22,58.2,58.51,57.85,58.32,34.55,2413400
2005-06-23,58.2,58.45,57.52,57.52,34.08,2511500
2005-06-24,57.4,57.43,56.9,56.91,33.72,2574400
2005-06-27,56.6,56.97,56.28,56.44,33.44,2571400
2005-06-28,56.8,56.9,56.09,56.66,33.57,3142600
2005-06-29,56.82,56.83,56.27,56.3,33.36,2747900
2005-06-30,56.47,56.49,55.52,55.71,33.01,4200600
2005-07-01,55.72,55.98,55.21,55.42,32.84,2667600
2005-07-05,55.14,55.86,55.01,55.72,33.01,2325900
2005-07-06,55.75,56.14,55.13,55.63,32.96,2907600
2005-07-07,54.75,55.39,54.75,55.21,32.71,3977200
2005-07-08,55.42,56.39,55.19,56.25,33.33,3461600
2005-07-11,56.7,56.73,56.26,56.62,33.55,2572200
2005-07-12,56.61,56.83,56.06,56.45,33.45,3740900
2005-07-13,56.26,56.5,56.07,56.38,33.4,2534700
2005-07-14,56.37,57.0,56.28,56.94,33.74,2977700
2005-07-15,56.6,57.13,56.42,56.66,33.57,4452000
2005-07-18,56.63,56.88,56.24,56.8,33.65,1961400
2005-07-19,57.15,57.3,56.62,56.72,33.61,2879100
2005-07-20,56.83,57.4,56.66,57.26,33.93,2964600
2005-07-21,56.26,56.82,56.0,56.25,33.33,6380400
2005-07-22,55.75,55.99,54.79,55.0,32.59,6476600
2005-07-25,55.15,55.28,54.51,54.75,32.44,3821500
2005-07-26,54.93,55.0,54.35,54.36,32.21,2549400
2005-07-27,54.4,55.14,54.37,54.91,32.53,3047000
2005-07-28,55.35,55.78,54.98,55.44,32.85,2903400
2005-07-29,55.97,56.51,55.9,56.32,33.37,5133200
2005-08-01,56.33,57.0,56.3,56.69,33.59,4310100
2005-08-02,56.2,56.28,55.7,56.01,33.19,7288000
2005-08-03,55.55,55.75,54.56,54.94,32.55,6182200
2005-08-04,54.75,54.94,53.76,53.9,31.94,5871800
2005-08-05,53.94,53.98,53.0,53.45,31.67,5420700
2005-08-08,53.46,53.59,52.84,53.1,31.46,3809100
2005-08-09,53.25,54.08,53.16,53.84,31.9,3490500
2005-08-10,54.02,54.41,53.68,53.9,31.94,3459200
2005-08-11,53.87,53.87,53.5,53.64,32.01,3211800
2005-08-12,53.36,53.67,53.21,53.41,31.87,2238900
2005-08-15,53.45,53.54,53.0,53.05,31.65,2237600
2005-08-16,53.13,53.23,52.63,52.73,31.46,3796600
2005-08-17,52.65,53.22,52.35,52.78,31.49,3847000
2005-08-18,52.56,52.65,51.98,52.52,31.34,3944500
2005-08-19,53.1,53.12,52.45,52.57,31.37,3906700
2005-08-22,52.8,53.19,52.32,52.71,31.45,3117400
2005-08-23,53.5,54.13,53.33,53.72,32.05,8028400
2005-08-24,53.82,54.05,53.2,53.39,31.86,4620200
2005-08-25,53.21,53.62,53.06,53.5,31.92,3425200
2005-08-26,53.5,53.66,52.8,53.41,31.87,4038700
2005-08-29,53.42,54.18,53.22,54.04,32.25,3023100
2005-08-30,53.9,54.1,53.55,54.07,32.26,3803600
2005-08-31,54.07,55.07,54.0,55.02,32.83,5710800
2005-09-01,54.74,54.97,54.18,54.51,32.53,3396800
2005-09-02,54.8,54.98,54.45,54.75,32.67,2571200
2005-09-06,55.0,55.63,54.94,55.63,33.19,2755300
2005-09-07,55.64,56.36,55.53,56.36,33.63,3631400
2005-09-08,56.0,56.64,55.87,56.45,33.68,3879100
2005-09-09,56.59,56.94,56.27,56.72,33.84,2114500
2005-09-12,56.58,57.09,56.53,56.95,33.98,2292400
2005-09-13,56.65,56.65,55.43,55.52,33.13,3936500
2005-09-14,55.6,55.96,55.15,55.45,33.09,2627600
2005-09-15,55.45,55.53,54.74,54.91,32.76,2753200
2005-09-16,55.08,55.25,54.9,55.2,32.94,6656400
2005-09-19,54.95,55.0,54.46,54.76,32.68,3310100
2005-09-20,54.72,54.87,54.09,54.1,32.28,4745800
2005-09-21,53.7,54.16,53.58,53.69,32.04,3911400
2005-09-22,53.68,54.25,53.67,53.95,32.19,3572700
2005-09-23,54.0,54.21,53.65,53.79,32.1,2082100
2005-09-26,54.0,54.4,52.62,53.29,31.8,4467400
2005-09-27,53.29,53.79,52.98,53.57,31.97,3196700
2005-09-28,53.45,53.97,53.18,53.47,31.91,3780500
2005-09-29,53.5,54.35,53.25,54.29,32.39,3882200
2005-09-30,53.93,54.0,53.4,53.52,31.94,4593000
2005-10-03,53.4,53.9,52.85,52.93,31.58,3111300
2005-10-04,52.88,53.9,52.85,53.61,31.99,4017500
2005-10-05,53.61,54.25,53.54,53.75,32.07,4561000
2005-10-06,53.73,54.4,53.54,54.01,32.23,6577400
2005-10-07,54.0,54.1,53.32,53.41,31.87,4114400
2005-10-10,53.15,53.27,52.47,52.92,31.58,3601800
2005-10-11,52.73,52.95,52.1,52.12,31.1,4292000
2005-10-12,52.34,52.74,51.94,52.18,31.14,4044200
2005-10-13,51.6,52.84,51.52,52.54,31.35,4638400
2005-10-14,52.4,53.22,52.0,52.62,31.4,3397700
2005-10-17,52.3,52.36,51.35,51.53,30.75,8623700
2005-10-18,51.0,52.05,51.0,51.63,30.81,6137400
2005-10-19,51.25,51.64,51.09,51.6,30.79,6039500
2005-10-20,51.5,51.85,50.95,51.25,30.58,7670700
2005-10-21,51.68,51.7,50.48,50.7,30.25,6064300
2005-10-24,50.7,51.07,50.5,50.78,30.3,7370500
2005-10-25,50.77,50.78,49.88,50.31,30.02,7503000
2005-10-26,50.55,50.74,50.35,50.4,30.07,4830000
2005-10-27,50.5,50.56,49.97,50.0,29.83,2975600
2005-10-28,50.3,50.51,49.84,49.99,29.83,5316100
2005-10-31,50.22,50.26,49.7,49.79,29.71,6899700
2005-11-01,49.89,50.18,49.75,49.76,29.69,5187000
2005-11-02,49.8,50.04,49.7,49.9,29.78,3032500
2005-11-03,50.1,50.57,49.85,50.16,29.93,3443200
2005-11-04,50.37,50.94,50.21,50.83,30.33,3484400
2005-11-07,50.99,51.32,50.76,51.1,30.49,3678600
2005-11-08,51.12,51.95,50.99,51.68,30.84,5466300
2005-11-09,51.81,52.2,51.5,52.03,31.05,4241400
2005-11-10,51.75,51.9,51.12,51.4,30.9,3910000
2005-11-11,51.4,51.63,50.6,50.98,30.64,3137100
2005-11-14,52.0,52.0,50.14,50.21,30.18,3185000
2005-11-15,50.2,50.55,50.14,50.44,30.32,2565200
2005-11-16,50.36,50.4,49.73,49.8,29.93,3817800
2005-11-17,49.82,50.08,49.47,49.76,29.91,4004900
2005-11-18,50.74,50.75,49.65,50.34,30.26,3984000
2005-11-21,50.25,50.87,50.14,50.74,30.5,2826900
2005-11-22,50.4,50.73,50.15,50.62,30.43,3187800
2005-11-23,50.44,51.15,50.37,50.85,30.57,2847900
2005-11-25,50.94,51.0,50.5,50.54,30.38,1234800
2005-11-28,50.65,50.68,50.08,50.2,30.17,3447700
2005-11-29,50.4,50.67,50.01,50.05,30.08,3316500
2005-11-30,50.25,50.74,50.19,50.5,30.36,4093700
2005-12-01,50.8,51.94,50.75,51.5,30.96,5703800
2005-12-02,51.5,51.83,51.2,51.57,31.0,3676500
2005-12-05,51.43,51.74,50.95,51.47,30.94,3315100
2005-12-06,51.52,52.25,51.44,52.19,31.37,4333500
2005-12-07,52.0,53.2,51.9,52.95,31.83,5542000
2005-12-08,52.95,52.95,51.75,52.21,31.38,5048400
2005-12-09,54.4,55.0,53.31,53.41,32.1,10893900
2005-12-12,53.9,54.64,53.72,54.47,32.74,5061900
2005-12-13,54.8,55.81,54.73,55.7,33.48,5983600
2005-12-14,55.55,56.29,55.5,55.96,33.64,4802600
2005-12-15,56.15,56.46,56.0,56.28,33.83,4769200
2005-12-16,56.65,56.9,56.6,56.66,34.06,5681100
2005-12-19,57.65,58.25,57.3,57.59,34.62,7515600
2005-12-20,57.65,57.75,56.94,57.02,34.27,4233800
2005-12-21,57.5,57.74,57.0,57.0,34.26,3537500
2005-12-22,56.95,57.33,56.88,57.12,34.33,2874400
2005-12-23,56.9,57.85,56.79,57.7,34.68,3199300
2005-12-27,57.7,58.04,57.58,57.81,34.75,3129300
2005-12-28,57.8,57.97,57.39,57.75,34.71,2672600
2005-12-29,57.73,57.99,57.24,57.46,34.54,2599400
2005-12-30,56.96,57.0,56.51,56.59,34.02,2958800
2006-01-03,57.19,57.59,56.15,57.36,34.48,3957400
2006-01-04,57.48,57.75,56.88,57.08,34.31,3960200
2006-01-05,57.35,57.44,56.89,57.39,34.5,3140600
2006-01-06,57.7,58.12,57.09,57.82,34.76,3119300
2006-01-09,57.88,58.86,57.74,58.58,35.21,2952400
2006-01-10,58.45,59.0,57.58,58.18,34.97,3468500
2006-01-11,58.35,58.35,57.61,58.18,34.97,1910500
2006-01-12,58.28,58.69,57.57,57.95,34.83,2706000
2006-01-13,58.1,58.5,57.8,57.95,34.83,3182900
2006-01-17,57.55,57.95,57.11,57.27,34.42,3369200
2006-01-18,57.22,57.22,56.6,56.96,34.24,3160600
2006-01-19,57.4,57.81,56.82,57.18,34.37,3610600
2006-01-20,57.15,57.36,56.71,56.9,34.2,5040100
2006-01-23,57.08,57.55,57.0,57.21,34.39,3364600
2006-01-24,57.52,57.9,56.73,57.11,34.33,3718400
2006-01-25,57.35,57.79,57.15,57.17,34.36,4855800
2006-01-26,57.5,57.65,56.9,56.93,34.22,6852500
2006-01-27,56.79,57.7,56.73,57.55,34.59,6860800
2006-01-30,57.66,57.83,57.21,57.37,34.48,3114400
2006-01-31,57.15,57.17,56.0,56.62,34.03,6509300
2006-02-01,56.34,57.0,56.02,56.89,34.2,4030600
2006-02-02,56.8,57.13,56.12,56.3,33.84,3407900
2006-02-03,55.94,56.36,55.7,55.86,33.58,4062200
2006-02-06,55.75,55.85,55.09,55.42,33.31,2785700
2006-02-07,55.25,55.57,54.6,54.98,33.05,3169500
2006-02-08,54.84,55.88,54.84,55.7,33.48,2623200
2006-02-09,55.7,56.83,55.55,56.3,33.84,5236500
2006-02-10,56.44,56.6,55.75,56.18,33.77,3018200
2006-02-13,55.78,55.82,54.9,55.35,33.51,2859100
2006-02-14,55.53,55.8,54.82,55.48,33.59,4020100
2006-02-15,55.63,56.35,55.25,56.02,33.91,2672600
2006-02-16,56.03,56.44,55.43,56.36,34.12,3050700
2006-02-17,56.48,56.5,55.5,55.84,33.81,2872700
2006-02-21,55.68,56.1,55.45,55.5,33.6,2678400
2006-02-22,55.8,56.29,55.63,56.1,33.96,2446800
2006-02-23,55.89,55.97,55.45,55.93,33.86,2612000
2006-02-24,56.15,56.3,55.81,56.02,33.91,2495400
2006-02-27,55.91,57.07,55.91,56.73,34.34,2480300
2006-02-28,56.87,56.9,55.45,55.62,33.67,4674700
2006-03-01,55.37,55.94,54.85,55.89,33.84,3502800
2006-03-02,55.89,56.03,55.58,55.75,33.75,2350000
2006-03-03,55.5,56.37,55.4,55.71,33.73,2319800
2006-03-06,56.0,56.8,55.78,56.49,34.2,4022900
2006-03-07,56.49,56.99,56.4,56.61,34.27,3413200
2006-03-08,56.5,57.51,56.47,57.36,34.73,4251000
2006-03-09,57.9,57.9,56.86,57.08,34.56,3366400
2006-03-10,57.46,57.6,56.9,57.25,34.66,3524300
2006-03-13,57.53,57.65,57.08,57.24,34.65,2406300
2006-03-14,57.07,57.72,56.85,57.55,34.84,3543700
2006-03-15,57.3,57.4,56.45,56.97,34.49,4035800
2006-03-16,57.22,57.38,56.78,57.23,34.65,2526400
2006-03-17,57.52,57.55,56.94,57.09,34.56,3432600
2006-03-20,57.79,57.97,57.36,57.42,34.76,3008100
2006-03-21,57.7,57.85,57.26,57.31,34.7,2847700
2006-03-22,57.75,58.68,57.59,58.49,35.41,3656800
2006-03-23,58.28,58.37,57.6,58.04,35.14,2720900
2006-03-24,58.45,59.24,58.32,58.86,35.63,4281800
2006-03-27,58.86,58.97,58.21,58.67,35.52,3190700
2006-03-28,57.19,57.7,56.0,56.38,34.13,7624500
2006-03-29,56.08,56.32,55.25,56.32,34.1,6317400
2006-03-30,55.9,56.7,55.64,56.05,33.93,3525300
2006-03-31,55.9,56.27,55.2,55.3,33.48,5139100
2006-04-03,55.65,55.9,55.06,55.24,33.44,3928500
2006-04-04,55.2,55.42,54.64,55.16,33.39,5302500
2006-04-05,55.41,55.63,54.66,54.87,33.22,4407100
2006-04-06,55.0,55.2,54.27,54.48,32.98,3791500
2006-04-07,54.25,54.41,53.36,53.54,32.41,4515400
2006-04-10,53.6,53.73,53.06,53.37,32.31,2486700
2006-04-11,53.49,53.5,52.65,53.1,32.15,4454100
2006-04-12,52.78,53.61,52.5,53.42,32.34,3200100
2006-04-13,53.25,53.35,52.88,53.27,32.25,2174200
2006-04-17,53.32,53.32,52.43,53.01,32.09,3131500
2006-04-18,54.75,54.8,53.95,54.5,32.99,7040700
2006-04-19,54.79,54.79,54.3,54.65,33.09,4099900
2006-04-20,54.65,54.75,53.0,53.62,32.46,6309600
2006-04-21,53.7,53.7,52.64,52.93,32.04,5496700
2006-04-24,52.83,53.23,52.06,52.56,31.82,3766800
2006-04-25,52.82,52.82,51.97,52.21,31.61,2311600
2006-04-26,52.48,52.66,52.05,52.24,31.63,2697800
2006-04-27,50.92,53.03,50.92,52.75,31.93,3522100
2006-04-28,52.65,53.2,52.39,52.92,32.04,5074700
2006-05-01,52.51,52.95,52.13,52.3,31.66,3264700
2006-05-02,52.2,52.35,51.88,51.93,31.44,3541800
2006-05-03,51.96,52.23,51.85,51.96,31.46,3703600
2006-05-04,52.28,52.3,51.03,52.02,31.49,7296600
2006-05-05,52.42,53.05,52.04,52.94,32.05,3183900
2006-05-08,52.65,53.32,52.51,52.91,32.03,5091300
2006-05-09,52.75,52.84,51.96,52.19,31.6,3852000
2006-05-10,52.39,52.52,51.77,52.06,31.52,5319400
2006-05-11,51.46,51.99,51.05,51.12,31.19,6208300
2006-05-12,51.1,51.47,50.26,50.44,30.77,5770400
2006-05-15,50.5,51.81,50.45,51.77,31.58,5137100
2006-05-16,51.92,52.2,51.0,51.8,31.6,2970400
2006-05-17,51.45,52.0,50.65,51.0,31.11,4560700
2006-05-18,50.92,51.42,50.66,50.76,30.97,2728900
2006-05-19,51.05,51.05,50.52,51.01,31.12,3808400
2006-05-22,50.6,51.3,50.6,50.66,30.91,3154000
2006-05-23,50.51,50.69,50.19,50.41,30.75,3252700
2006-05-24,50.43,50.95,50.3,50.74,30.96,4289700
2006-05-25,50.88,51.72,50.74,51.62,31.49,4321600
2006-05-26,51.98,52.5,51.91,52.27,31.89,2989000
2006-05-30,52.2,52.5,51.29,51.44,31.38,3169400
2006-05-31,51.54,51.72,51.02,51.64,31.5,3547100
2006-06-01,51.62,52.06,51.18,51.99,31.72,3185900
2006-06-02,51.95,52.44,51.77,52.03,31.74,3368000
2006-06-05,51.69,51.98,51.25,51.35,31.33,3717500
2006-06-06,51.6,51.66,50.83,51.15,31.21,3745700
2006-06-07,51.16,51.93,51.05,51.71,31.55,3955300
2006-06-08,51.4,51.81,50.89,51.76,31.58,5038800
2006-06-09,51.75,52.09,51.45,51.74,31.57,2365400
2006-06-12,52.28,52.36,51.56,51.61,31.49,3112300
2006-06-13,51.8,52.24,51.54,51.61,31.49,3847000
2006-06-14,52.25,53.41,52.0,53.17,32.44,6665000
2006-06-15,53.53,54.14,53.33,54.05,32.98,4846100
2006-06-16,53.92,54.42,53.9,54.25,33.1,4044700
2006-06-19,54.48,54.57,54.25,54.49,33.24,3272100
2006-06-20,54.45,55.08,54.4,54.89,33.49,3745100
2006-06-21,54.7,54.99,54.52,54.73,33.39,3382000
2006-06-22,54.71,54.86,54.34,54.59,33.3,2529600
2006-06-23,54.35,54.44,53.8,54.3,33.13,2652600
2006-06-26,54.09,54.39,53.83,54.39,33.18,1951900
2006-06-27,54.24,54.24,53.22,53.47,32.62,3313900
2006-06-28,53.5,53.78,53.25,53.44,32.6,2317300
2006-06-29,53.6,54.71,53.5,54.53,33.27,3866900
2006-06-30,54.54,55.66,54.4,55.27,33.72,4833000
2006-07-03,55.42,55.9,55.27,55.68,33.97,1312600
2006-07-05,56.21,56.67,56.0,56.22,34.3,5506200
2006-07-06,56.1,56.83,56.1,56.67,34.57,2662500
2006-07-07,56.74,56.97,56.02,56.24,34.31,2356100
2006-07-10,56.36,56.55,55.97,56.27,34.33,1547500
2006-07-11,55.89,56.21,55.36,55.93,34.12,2715500
2006-07-12,56.14,56.3,55.5,55.62,33.93,1804500
2006-07-13,55.87,55.94,54.57,54.88,33.48,3619300
2006-07-14,54.62,55.26,54.31,54.56,33.29,3346600
2006-07-17,54.61,55.16,54.0,54.8,33.43,2938700
2006-07-18,54.63,55.2,54.33,54.97,33.54,2287600
2006-07-19,55.06,56.54,55.0,56.08,34.21,4101700
2006-07-20,56.3,56.88,56.2,56.26,34.32,2591200
2006-07-21,56.29,56.29,54.27,54.65,33.34,8222200
2006-07-24,54.69,56.44,54.51,56.01,34.17,4400300
2006-07-25,56.52,56.52,55.52,55.55,33.89,5980900
2006-07-26,55.25,55.73,55.0,55.52,33.87,3714200
2006-07-27,55.77,55.92,55.25,55.66,33.96,2258100
2006-07-28,55.99,57.18,55.9,56.91,34.72,4038300
2006-07-31,56.55,56.84,56.38,56.77,34.63,2980400
2006-08-01,56.4,56.68,55.91,56.29,34.34,2742800
2006-08-02,56.63,57.47,56.07,56.93,34.73,3771900
2006-08-03,56.9,57.44,56.57,56.64,34.56,2470100
2006-08-04,56.7,57.49,55.94,56.27,34.33,3157400
2006-08-07,56.39,56.39,55.15,55.58,33.91,3235300
2006-08-08,55.8,55.82,55.01,55.15,33.65,2725400
2006-08-09,55.44,56.06,54.85,55.0,33.55,3701100
2006-08-10,55.08,55.51,54.75,55.29,33.73,3845800
2006-08-11,54.82,54.87,53.83,54.36,33.41,2738300
2006-08-14,54.56,54.89,54.31,54.42,33.44,2694600
2006-08-15,55.12,55.48,54.81,55.29,33.98,2718200
2006-08-16,55.73,55.87,55.44,55.56,34.14,2322500
2006-08-17,55.36,56.09,55.24,55.95,34.38,2972600
2006-08-18,55.1,55.16,53.93,55.03,33.82,6831300
2006-08-21,55.0,55.29,54.66,54.88,33.73,2789800
2006-08-22,54.75,54.98,54.4,54.98,33.79,2566300
2006-08-23,55.18,55.46,54.77,55.05,33.83,2418500
2006-08-24,55.05,55.52,54.95,55.24,33.95,2289400
2006-08-25,54.92,55.1,54.65,55.06,33.84,2255000
2006-08-28,54.99,56.25,54.99,55.84,34.32,2783800
2006-08-29,55.97,56.4,55.9,56.11,34.48,3289200
2006-08-30,56.11,56.31,55.79,56.06,34.45,3539300
2006-08-31,56.15,56.19,55.93,55.93,34.37,2628600
2006-09-01,56.0,56.19,55.58,56.0,34.41,3722400
2006-09-05,56.22,56.24,55.43,55.72,34.24,2510300
2006-09-06,55.5,55.53,54.96,55.38,34.03,2813900
2006-09-07,55.38,55.44,54.72,54.87,33.72,2080100
2006-09-08,55.07,55.52,54.65,55.26,33.96,2339300
2006-09-11,54.9,55.22,53.97,54.26,33.34,7760100
2006-09-12,54.85,55.56,54.71,55.15,33.89,7589300
2006-09-13,55.39,55.63,54.9,55.21,33.93,4589700
2006-09-14,54.8,55.18,54.8,54.99,33.79,4584300
2006-09-15,55.24,55.49,54.47,54.8,33.68,18261400
2006-09-18,54.78,55.36,54.78,55.15,33.89,4754500
2006-09-19,55.3,55.3,54.7,55.02,33.81,3144800
2006-09-20,55.4,56.05,55.08,55.75,34.26,4909800
2006-09-21,56.2,56.61,55.81,55.97,34.4,4653100
2006-09-22,55.7,55.99,55.4,55.93,34.37,2513100
2006-09-25,56.1,56.83,55.73,56.58,34.77,4091400
2006-09-26,56.7,57.06,56.2,56.85,34.94,4049900
2006-09-27,56.62,57.2,56.59,57.01,35.03,3003700
2006-09-28,57.31,57.35,56.73,57.32,35.23,2709800
2006-09-29,56.0,57.25,55.78,57.0,35.03,6465300
2006-10-02,56.81,57.14,56.51,56.79,34.9,3143500
2006-10-03,56.8,57.24,56.56,56.69,34.84,2891200
2006-10-04,56.5,57.94,56.5,57.6,35.4,6750400
2006-10-05,57.6,57.9,57.19,57.76,35.5,3671800
2006-10-06,57.46,57.68,57.08,57.56,35.37,3339200
2006-10-09,57.39,57.73,57.28,57.51,35.34,1518000
2006-10-10,57.39,57.56,56.82,57.25,35.18,2821600
2006-10-11,57.08,57.24,56.73,57.06,35.07,3794300
2006-10-12,57.06,57.75,57.0,57.55,35.37,4319400
2006-10-13,57.23,57.45,57.02,57.37,35.26,2776600
2006-10-16,57.37,57.83,57.25,57.66,35.43,2493300
2006-10-17,57.46,58.0,57.02,57.55,35.37,3237000
2006-10-18,57.74,58.48,57.68,58.25,35.8,4699800
2006-10-19,57.25,58.21,56.82,57.49,35.33,6121600
2006-10-20,57.46,57.52,56.52,57.24,35.18,4776100
2006-10-23,56.87,58.05,56.75,57.91,35.59,3885100
2006-10-24,57.55,57.83,57.38,57.78,35.51,3748200
2006-10-25,57.74,57.9,57.27,57.49,35.33,3309300
2006-10-26,57.22,57.75,56.81,57.29,35.21,3936400
2006-10-27,56.9,57.35,56.59,57.03,35.05,4214000
2006-10-30,56.91,57.12,56.3,56.32,34.61,3780700
2006-10-31,56.59,56.66,55.94,56.01,34.42,3847000
2006-11-01,56.25,56.34,55.64,55.99,34.41,5348100
2006-11-02,56.0,56.64,55.95,56.37,34.64,5291100
2006-11-03,56.2,56.44,55.95,56.08,34.46,3159700
2006-11-06,56.08,56.71,55.89,56.67,34.83,3601000
2006-11-07,56.75,57.48,56.52,56.98,35.02,5023700
2006-11-08,56.45,56.71,55.72,56.48,34.71,5708300
2006-11-09,56.31,56.35,54.59,54.87,33.72,11254400
2006-11-10,54.87,55.09,53.94,54.14,33.27,5895200
2006-11-13,53.87,54.44,53.61,54.06,33.47,5647000
2006-11-14,54.23,54.23,53.36,53.85,33.34,7396500
2006-11-15,54.0,54.58,53.81,54.37,33.66,6522900
2006-11-16,53.7,54.8,53.7,54.56,33.78,5852800
2006-11-17,54.56,55.0,54.3,54.55,33.77,6100500
2006-11-20,54.25,54.59,53.93,54.38,33.67,4203900
2006-11-21,54.16,54.38,53.65,54.05,33.46,5901500
2006-11-22,53.85,54.25,53.8,54.03,33.45,3452500
2006-11-24,53.9,54.29,53.78,53.9,33.37,1668000
2006-11-27,53.81,54.06,53.39,53.58,33.17,4973300
2006-11-28,53.38,54.27,53.38,53.72,33.26,4695800
2006-11-29,53.94,54.34,53.75,54.04,33.46,3561100
2006-11-30,53.94,54.21,53.45,53.59,33.18,4946800
2006-12-01,53.45,53.72,53.24,53.4,33.06,4248000
2006-12-04,53.59,54.06,53.3,54.03,33.45,4569700
2006-12-05,54.23,54.79,53.69,54.7,33.87,5445100
2006-12-06,54.43,54.92,54.1,54.86,33.96,4757900
2006-12-07,54.1,54.6,53.83,53.99,33.43,5768500
2006-12-08,53.8,54.12,53.6,54.0,33.43,4338200
2006-12-11,53.9,54.16,53.75,53.98,33.42,3309800
2006-12-12,54.08,54.13,53.55,53.9,33.37,3704000
2006-12-13,54.19,54.2,53.48,53.69,33.24,4259400
2006-12-14,53.59,54.18,53.59,53.97,33.41,3035200
2006-12-15,53.99,54.57,53.76,54.52,33.75,6476300
2006-12-18,53.58,54.05,52.93,53.23,32.96,10482100
2006-12-19,52.88,53.0,52.34,52.62,32.58,8798300
2006-12-20,52.5,52.86,52.28,52.4,32.44,5643800
2006-12-21,52.12,52.4,51.69,51.79,32.06,7315800
2006-12-22,51.89,51.9,51.13,51.35,31.79,8505200
2006-12-26,51.4,52.8,51.25,51.78,32.06,12240000
2006-12-27,51.99,52.3,51.4,52.0,32.19,6117400
2006-12-28,51.78,52.08,51.71,52.01,32.2,3394100
2006-12-29,51.73,52.22,51.71,52.1,32.26,4311300
2007-01-03,52.45,52.88,51.92,52.25,32.35,10305500
2007-01-04,51.99,52.51,51.9,52.36,32.42,6827100
2007-01-05,52.52,52.58,51.87,52.04,32.22,4114400
2007-01-08,52.21,52.21,51.75,51.8,32.07,3804200
2007-01-09,52.04,52.1,51.75,51.83,32.09,6272000
2007-01-10,51.59,51.83,51.57,51.66,31.98,3400300
2007-01-11,51.76,52.33,51.66,52.23,32.34,4432200
2007-01-12,52.4,52.92,52.27,52.6,32.57,5533100
2007-01-16,52.8,52.9,52.51,52.88,32.74,4181300
2007-01-17,52.88,53.17,52.54,52.85,32.72,5018000
2007-01-18,52.6,53.21,52.6,53.04,32.84,3943000
2007-01-19,53.3,53.45,52.83,52.96,32.79,3837200
2007-01-22,52.57,53.12,52.52,52.73,32.65,5872300
2007-01-23,52.85,52.95,52.47,52.65,32.6,4397700
2007-01-24,52.74,53.4,52.68,53.33,33.02,3934000
2007-01-25,53.2,53.3,52.85,53.13,32.89,5061100
2007-01-26,53.05,53.45,52.6,52.79,32.68,3966100
2007-01-29,52.9,53.0,52.55,52.85,32.72,3472700
2007-01-30,52.87,53.0,52.6,52.73,32.65,2671200
2007-01-31,52.7,54.37,52.55,54.12,33.51,10521200
2007-02-01,54.65,55.04,54.5,54.77,33.91,6648100
2007-02-02,54.68,54.78,54.37,54.6,33.8,4973400
2007-02-05,54.43,54.72,54.03,54.67,33.85,5090500
2007-02-06,54.6,54.82,54.39,54.64,33.83,4486200
2007-02-07,54.7,54.78,54.34,54.42,33.69,4679100
2007-02-08,54.05,54.72,54.05,54.21,33.56,3124600
2007-02-09,54.2,54.7,54.11,54.23,33.57,3591600
2007-02-12,54.75,54.75,54.23,54.41,33.69,3300400
2007-02-13,54.39,54.5,54.05,54.28,33.87,3356500
2007-02-14,54.37,54.89,54.23,54.86,34.23,3773400
2007-02-15,54.85,55.11,54.75,54.96,34.29,3092000
2007-02-16,54.76,55.04,54.57,54.99,34.31,3680800
2007-02-20,55.03,55.2,54.76,54.97,34.3,3228800
2007-02-21,54.65,54.8,54.37,54.52,34.02,3370600
2007-02-22,54.6,54.6,54.01,54.14,33.78,3344100
2007-02-23,54.0,54.36,53.75,54.21,33.83,3380500
2007-02-26,54.46,54.66,54.25,54.4,33.94,3847900
2007-02-27,53.71,54.52,52.58,53.0,33.07,8073700
2007-02-28,53.52,53.52,52.3,52.59,32.82,7682500
2007-03-01,52.01,52.52,51.9,52.25,32.6,6262800
2007-03-02,52.14,52.19,51.71,51.77,32.3,6537200
2007-03-05,51.48,52.1,51.21,51.63,32.22,7562800
2007-03-06,51.75,52.28,51.56,52.23,32.59,5054300
2007-03-07,52.07,52.44,51.65,51.86,32.36,4844600
2007-03-08,52.11,52.39,52.0,52.36,32.67,3296500
2007-03-09,52.55,52.92,52.38,52.59,32.82,5052100
2007-03-12,52.39,53.04,52.25,52.8,32.95,3643200
2007-03-13,52.37,52.88,52.0,52.07,32.49,5432200
2007-03-14,52.26,52.3,51.35,51.9,32.38,5342900
2007-03-15,51.75,52.09,51.53,52.05,32.48,3769600
2007-03-16,52.15,52.42,51.79,52.18,32.56,6181800
2007-03-19,52.23,52.72,52.12,52.68,32.87,3265300
2007-03-20,52.6,52.88,52.38,52.77,32.93,3532300
2007-03-21,52.65,53.91,52.65,53.82,33.58,6668200
2007-03-22,53.0,54.28,53.0,54.17,33.8,4229700
2007-03-23,53.99,54.22,53.39,53.81,33.58,3956100
2007-03-26,53.49,53.96,53.2,53.71,33.51,5206300
2007-03-27,53.4,53.6,53.06,53.27,33.24,4548400
2007-03-28,53.28,53.35,52.62,53.01,33.08,5457700
2007-03-29,53.2,53.54,52.73,53.41,33.33,5333000
2007-03-30,53.5,54.08,53.2,53.71,33.51,3728100
2007-04-02,53.96,54.49,53.9,54.39,33.94,6021300
2007-04-03,54.15,54.92,54.11,54.75,34.16,4308200
2007-04-04,54.65,55.24,54.5,55.16,34.42,4346000
2007-04-05,55.15,55.62,55.06,55.48,34.62,2997000
2007-04-09,55.43,55.73,55.27,55.58,34.68,2295500
2007-04-10,55.42,55.73,55.34,55.68,34.74,2985200
2007-04-11,55.72,55.74,55.29,55.59,34.69,3776900
2007-04-12,55.6,56.09,55.5,55.94,34.91,4002300
2007-04-13,56.24,57.0,56.2,56.88,35.49,6485200
2007-04-16,57.7,58.48,57.01,58.4,36.44,10756500
2007-04-17,58.4,59.09,58.34,58.87,36.73,9278900
2007-04-18,58.56,59.36,58.45,59.14,36.9,6871500
2007-04-19,59.1,60.28,58.65,60.02,37.45,9921500
2007-04-20,60.34,61.0,60.05,60.56,37.79,9630000
2007-04-23,60.21,60.28,59.27,59.63,37.21,7704300
2007-04-24,59.02,59.5,58.9,59.28,36.99,5043500
2007-04-25,59.6,59.63,59.11,59.51,37.13,4655800
2007-04-26,58.88,59.88,58.88,59.73,37.27,6101200
2007-04-27,59.01,59.7,58.99,59.61,37.2,2967600
2007-04-30,59.98,59.98,58.93,59.13,36.9,5198200
2007-05-01,59.12,59.39,58.76,58.89,36.75,7409300
2007-05-02,59.0,59.49,58.77,59.16,36.91,4561500
2007-05-03,59.45,59.6,58.97,59.14,36.9,4140300
2007-05-04,59.09,59.74,58.92,59.54,37.15,6180400
2007-05-07,59.55,59.96,59.54,59.72,37.26,4577200
2007-05-08,59.64,59.97,59.45,59.83,37.33,8457300
2007-05-09,59.58,59.78,59.39,59.75,37.28,4803800
2007-05-10,59.47,59.58,58.64,58.71,36.63,6166400
2007-05-11,58.71,58.71,57.9,58.43,36.73,7569800
2007-05-14,58.44,59.35,58.44,59.21,37.22,4713200
2007-05-15,59.17,59.6,59.08,59.24,37.23,4076700
2007-05-16,59.26,59.47,58.88,59.11,37.15,3938700
2007-05-17,58.7,59.17,58.67,59.02,37.1,2789700
2007-05-18,59.11,59.59,59.0,59.37,37.32,3042100
2007-05-21,59.4,59.89,59.19,59.62,37.47,6823500
2007-05-22,59.99,60.0,59.4,59.53,37.42,3095700
2007-05-23,59.52,59.75,59.29,59.4,37.33,2914100
2007-05-24,59.9,59.9,59.08,59.19,37.2,3900900
2007-05-25,58.6,59.5,58.6,59.36,37.31,1821600
2007-05-29,59.3,59.54,58.8,59.46,37.37,3201700
2007-05-30,59.01,59.27,58.52,59.24,37.23,5105800
2007-05-31,59.25,59.39,58.38,58.62,36.84,5378500
2007-06-01,58.73,58.96,58.42,58.94,37.05,3851300
2007-06-04,58.94,59.23,58.74,59.16,37.18,4873700
2007-06-05,59.18,59.21,58.73,59.0,37.08,5278100
2007-06-06,58.75,59.19,58.15,58.29,36.64,5925400
2007-06-07,58.09,58.16,56.71,56.93,35.78,12166200
2007-06-08,56.81,57.15,56.4,57.02,35.84,6994900
2007-06-11,57.07,57.68,56.79,57.31,36.02,4952000
2007-06-12,56.88,57.28,56.59,56.78,35.69,4326900
2007-06-13,56.94,57.32,56.38,56.94,35.79,5704000
2007-06-14,57.05,57.77,56.8,57.38,36.07,4829700
2007-06-15,58.0,58.27,57.51,57.72,36.28,4939200
2007-06-18,57.72,58.0,57.22,57.41,36.08,3045200
2007-06-19,57.51,57.9,57.4,57.75,36.3,4120800
2007-06-20,57.58,57.93,56.69,56.77,35.68,4817200
2007-06-21,56.94,56.94,56.1,56.81,35.71,4107000
2007-06-22,56.66,56.77,55.58,55.8,35.07,5704300
2007-06-25,56.24,56.35,55.3,55.48,34.87,5931300
2007-06-26,55.84,56.08,55.38,55.87,35.12,4988000
2007-06-27,55.41,56.4,55.4,56.32,35.4,5067200
2007-06-28,56.37,56.7,56.1,56.18,35.31,3416800
2007-06-29,56.02,56.41,55.52,55.88,35.12,4410400
2007-07-02,56.24,56.73,56.1,56.73,35.66,3610900
2007-07-03,56.97,57.0,56.55,56.79,35.69,1495700
2007-07-05,56.82,56.96,56.41,56.56,35.55,2675700
2007-07-06,56.66,56.76,56.2,56.64,35.6,3312100
2007-07-09,56.78,56.88,55.99,56.04,35.22,5284200
2007-07-10,55.7,56.05,55.42,55.44,34.85,4202000
2007-07-11,55.29,55.82,55.15,55.76,35.05,3505200
2007-07-12,55.8,56.91,55.64,56.79,35.69,4293000
2007-07-13,57.1,57.15,56.53,56.92,35.78,2894100
2007-07-16,56.64,57.31,56.64,56.89,35.76,3603200
2007-07-17,56.66,56.8,56.2,56.4,35.45,4295800
2007-07-18,56.2,56.25,55.76,56.05,35.23,5418300
2007-07-19,56.21,56.49,55.81,56.38,35.44,4696900
2007-07-20,55.76,56.54,55.76,56.03,35.22,6857900
2007-07-23,56.42,57.27,56.3,57.17,35.93,5888100
2007-07-24,58.11,58.94,57.15,57.17,35.93,10908500
2007-07-25,57.0,58.74,57.0,58.44,36.73,7315500
2007-07-26,57.9,58.19,56.44,56.7,35.64,8365400
2007-07-27,56.49,56.6,55.01,55.02,34.58,6353800
2007-07-30,54.94,55.06,54.25,54.77,34.42,5848100
2007-07-31,55.2,55.25,53.97,54.09,34.0,8272900
2007-08-01,53.6,54.73,53.53,54.2,34.07,6246400
2007-08-02,54.23,54.92,54.07,54.6,34.32,5113400
2007-08-03,54.64,55.29,54.09,54.13,34.02,5586200
2007-08-06,54.27,56.27,54.13,56.22,35.34,7400000
2007-08-07,55.84,57.33,55.82,56.52,35.52,7510100
2007-08-08,56.79,58.43,56.6,58.4,36.71,6724600
2007-08-09,58.22,59.02,57.55,57.85,36.36,8511800
2007-08-10,58.37,58.6,56.81,57.16,35.93,8071300
2007-08-13,56.7,57.2,56.3,56.93,36.05,4004700
2007-08-14,57.05,57.05,55.21,55.44,35.11,5378900
2007-08-15,55.45,56.04,54.9,55.18,34.94,4974600
2007-08-16,54.57,55.14,53.68,54.83,34.72,8893600
2007-08-17,55.52,56.06,54.87,55.81,35.34,6827500
2007-08-20,55.79,56.0,54.91,55.63,35.23,4859100
2007-08-21,55.49,55.63,54.8,55.28,35.01,4815500
2007-08-22,55.79,55.84,55.02,55.74,35.3,4696500
2007-08-23,55.98,56.0,55.55,55.87,35.38,2757700
2007-08-24,55.92,56.61,55.5,56.61,35.85,5599500
2007-08-27,56.42,56.63,56.31,56.39,35.71,3104400
2007-08-28,56.27,56.5,55.83,56.1,35.52,5497400
2007-08-29,56.14,56.37,55.64,56.32,35.66,5931500
2007-08-30,56.05,56.93,55.93,56.67,35.89,4664500
2007-08-31,56.93,57.48,56.83,57.35,36.32,5654600
2007-09-04,57.33,58.22,57.09,58.13,36.81,5677500
2007-09-05,57.89,57.89,57.11,57.29,36.28,4765200
2007-09-06,57.6,57.72,57.12,57.45,36.38,4073700
2007-09-07,56.87,57.33,56.01,56.17,35.57,5972700
2007-09-10,56.62,56.65,55.8,56.14,35.55,4413200
2007-09-11,56.26,56.76,55.94,56.6,35.84,4067400
2007-09-12,56.45,57.14,56.28,57.05,36.13,4309900
2007-09-13,57.45,57.69,57.01,57.18,36.21,4756300
2007-09-14,56.92,57.17,56.56,56.82,35.98,4993000
2007-09-17,56.83,56.83,55.48,55.95,35.43,4384500
2007-09-18,56.12,57.25,55.89,57.14,36.18,4074900
2007-09-19,57.31,58.0,56.78,57.53,36.43,5495700
2007-09-20,57.53,57.65,57.08,57.08,36.15,3676300
2007-09-21,57.5,57.95,57.08,57.62,36.49,4892100
2007-09-24,57.89,58.18,57.26,57.53,36.43,3286500
2007-09-25,57.27,58.0,56.96,57.21,36.23,4537800
2007-09-26,57.55,58.01,57.32,57.4,36.35,5383700
2007-09-27,57.6,57.7,56.84,57.37,36.33,5710400
2007-09-28,57.18,57.43,56.74,56.93,36.05,4329200
2007-10-01,57.09,58.5,57.04,58.29,36.91,5629900
2007-10-02,58.38,58.57,57.96,58.42,36.99,2889400
2007-10-03,58.05,59.15,57.84,58.88,37.29,4101300
2007-10-04,58.9,59.42,58.9,58.96,37.34,4869200
2007-10-05,59.3,59.82,59.15,59.47,37.66,3760800
2007-10-08,59.27,59.41,58.91,59.0,37.36,2690300
2007-10-09,58.95,59.18,58.5,58.55,37.08,4175100
2007-10-10,58.53,58.89,58.2,58.4,36.98,4350000
2007-10-11,58.42,58.87,58.19,58.35,36.95,5115700
2007-10-12,58.35,58.78,57.98,58.53,37.06,2865400
2007-10-15,58.62,58.82,57.83,57.94,36.69,5585000
2007-10-16,57.94,57.95,56.99,57.15,36.19,6512400
2007-10-17,57.38,57.81,56.6,56.95,36.06,6062200
2007-10-18,57.1,57.43,56.28,56.65,35.87,8366700
2007-10-19,56.41,57.17,55.87,56.06,35.5,5634500
2007-10-22,55.84,56.57,55.73,56.08,35.51,5161000
2007-10-23,56.41,57.13,56.11,57.13,36.18,4417300
2007-10-24,56.5,56.75,55.54,56.15,35.56,5975500
2007-10-25,52.15,53.01,51.8,52.43,33.2,22843100
2007-10-26,52.52,52.76,52.03,52.68,33.36,9437100
2007-10-29,52.71,54.0,52.71,53.52,33.89,9798600
2007-10-30,53.18,54.1,53.09,53.69,34.0,5856400
2007-10-31,53.83,54.42,53.3,54.15,34.29,9714200
2007-11-01,53.66,53.99,52.6,52.77,33.42,8103300
2007-11-02,53.09,53.5,52.52,52.67,33.35,11851300
2007-11-05,53.06,53.1,51.64,52.16,33.03,12322500
2007-11-06,52.2,52.64,52.0,52.48,33.23,7184400
2007-11-07,52.04,52.57,51.45,51.53,32.63,5961700
2007-11-08,51.59,51.97,51.17,51.62,32.69,8351900
2007-11-09,51.17,52.08,50.86,51.51,32.62,6833200
2007-11-12,51.52,52.92,51.25,52.5,33.25,6991600
2007-11-13,52.41,52.85,51.86,52.64,33.61,8527800
2007-11-14,52.75,53.58,52.6,53.03,33.85,6561200
2007-11-15,52.71,52.98,51.95,52.06,33.24,6006300
2007-11-16,52.31,52.6,51.36,51.81,33.08,6753200
2007-11-19,51.38,51.68,50.43,50.77,32.41,8647500
2007-11-20,50.95,50.99,49.87,50.35,32.14,6083400
2007-11-21,50.04,50.27,49.09,49.09,31.34,5995000
2007-11-23,49.93,50.82,49.52,50.79,32.42,2837200
2007-11-26,50.92,50.95,49.5,49.67,31.71,4981000
2007-11-27,49.83,51.1,49.58,50.91,32.5,6762700
2007-11-28,51.19,52.33,50.61,52.26,33.36,6086900
2007-11-29,51.99,53.11,51.85,52.79,33.7,6583800
2007-11-30,52.51,53.3,52.51,52.95,33.8,5926500
2007-12-03,52.81,52.95,52.21,52.53,33.54,4885700
2007-12-04,52.32,52.53,51.75,52.11,33.27,5450600
2007-12-05,52.7,53.79,52.35,53.49,34.15,4862700
2007-12-06,54.75,54.75,53.44,53.93,34.43,6523100
2007-12-07,54.55,54.65,53.72,54.3,34.67,4464800
2007-12-10,54.34,54.95,54.11,54.78,34.97,4606700
2007-12-11,54.76,55.34,54.0,54.06,34.51,5713500
2007-12-12,54.21,54.79,53.66,54.08,34.53,7299400
2007-12-13,53.71,54.27,53.49,54.18,34.59,5670200
2007-12-14,53.88,54.18,53.55,53.71,34.29,5029400
2007-12-17,53.49,53.93,52.96,53.18,33.95,4799000
2007-12-18,53.47,54.19,53.17,53.49,34.15,9406900
2007-12-19,53.39,53.74,52.71,53.18,33.95,6350400
2007-12-20,53.46,53.5,53.08,53.23,33.98,5556700
2007-12-21,53.6,54.3,53.4,54.23,34.62,7503300
2007-12-24,54.29,54.5,53.91,54.49,34.79,1468900
2007-12-26,54.21,54.39,53.97,54.31,34.67,2919600
2007-12-27,54.2,54.2,53.4,53.88,34.4,3369400
2007-12-28,53.73,54.15,53.71,54.05,34.51,3026600
2007-12-31,53.77,53.85,53.13,53.39,34.08,3970800
2008-01-02,53.46,53.78,52.21,52.55,33.55,5556800
2008-01-03,52.72,53.16,52.62,52.99,33.83,4513400
2008-01-04,52.54,52.83,51.68,51.8,33.07,6186500
2008-01-07,52.21,54.73,52.17,54.55,34.83,10376100
2008-01-08,54.82,57.22,54.41,56.06,35.79,12197900
2008-01-09,56.05,57.13,56.05,56.86,36.3,9577400
2008-01-10,56.55,57.12,56.07,56.85,36.29,6288300
2008-01-11,56.41,57.13,56.22,56.81,36.27,5360600
2008-01-14,57.22,57.52,56.89,57.18,36.5,5563800
2008-01-15,57.0,57.12,56.21,56.59,36.13,5884000
2008-01-16,56.3,57.17,55.93,56.07,35.8,7974400
2008-01-17,56.12,56.3,54.7,54.84,35.01,9679400
2008-01-18,54.69,55.1,53.4,53.71,34.29,10013600
2008-01-22,51.1,53.0,50.05,52.17,33.31,10933000
2008-01-23,50.74,52.21,50.21,52.18,33.31,8778300
2008-01-24,52.21,52.75,50.97,51.32,32.76,12998200
2008-01-25,51.72,51.75,50.37,50.74,32.39,9579100
2008-01-28,50.84,51.63,50.56,51.4,32.81,7076500
2008-01-29,52.92,52.92,52.02,52.31,33.4,9264300
2008-01-30,52.2,52.35,51.2,51.35,32.78,7358300
2008-01-31,50.66,51.77,50.42,51.39,32.81,9969700
2008-02-01,51.22,52.5,51.22,51.66,32.98,7374800
2008-02-04,51.67,52.37,51.37,52.08,33.25,4836400
2008-02-05,51.27,52.0,51.12,51.24,32.71,5440700
2008-02-06,51.49,51.78,50.84,51.4,32.81,4101300
2008-02-07,51.22,51.56,50.57,51.22,32.7,7153300
2008-02-08,51.05,51.05,50.0,50.23,32.07,4524200
2008-02-11,50.17,50.35,49.69,50.23,32.07,4222500
2008-02-12,50.63,51.23,50.3,51.02,32.57,5217700
2008-02-13,51.3,51.3,50.17,50.34,32.44,6503400
2008-02-14,50.25,50.34,49.6,49.98,32.2,5213600
2008-02-15,49.77,50.95,49.63,50.82,32.75,6480400
2008-02-19,50.96,51.25,50.15,50.3,32.41,5914800
2008-02-20,49.96,50.41,49.5,50.37,32.46,4290300
2008-02-21,50.64,50.8,49.64,49.82,32.1,5465000
2008-02-22,51.31,51.31,49.64,50.51,32.55,9059000
2008-02-25,50.44,51.39,50.23,51.3,33.05,5266900
2008-02-26,51.05,52.51,51.05,52.45,33.8,8059900
2008-02-27,52.04,52.33,51.55,51.83,33.4,3648600
2008-02-28,50.36,51.23,50.05,50.93,32.82,4396800
2008-02-29,50.47,50.71,49.67,50.02,32.23,6902600
2008-03-03,50.05,50.26,49.75,50.19,32.34,4099700
2008-03-04,49.82,50.22,49.74,50.01,32.22,5862500
2008-03-05,50.01,50.62,49.86,50.42,32.49,4520500
2008-03-06,50.08,50.25,49.65,49.68,32.01,4446400
2008-03-07,49.66,50.24,49.38,49.7,32.02,7275600
2008-03-10,49.7,50.81,49.03,49.42,31.84,7032700
2008-03-11,50.43,50.7,49.73,50.59,32.6,7442200
2008-03-12,50.6,50.72,49.66,49.78,32.08,5878900
2008-03-13,49.19,49.68,48.56,49.16,31.68,6655300
2008-03-14,49.42,49.42,47.33,47.81,30.81,8428300
2008-03-17,46.73,49.24,46.6,48.87,31.49,6847300
2008-03-18,49.52,49.92,48.8,49.92,32.17,5392200
2008-03-19,49.54,51.31,49.54,49.97,32.2,5758900
2008-03-20,50.04,50.05,49.17,49.84,32.11,9166300
2008-03-24,49.94,50.18,49.58,50.1,32.28,5791500
2008-03-25,50.02,50.69,49.99,50.17,32.33,4567500
2008-03-26,50.01,50.4,49.57,50.19,32.34,6626700
2008-03-27,50.26,50.83,50.26,50.43,32.49,4940700
2008-03-28,50.58,51.08,50.15,50.29,32.4,5339600
2008-03-31,50.22,51.78,50.14,51.59,33.24,8754500
2008-04-01,51.72,52.17,51.53,52.03,33.53,7230400
2008-04-02,52.05,52.2,51.44,51.76,33.35,5531500
2008-04-03,51.58,51.97,51.11,51.8,33.38,5075100
2008-04-04,51.78,52.94,51.6,52.28,33.69,5583800
2008-04-07,52.76,53.4,52.08,53.06,34.19,6127900
2008-04-08,52.75,52.92,52.1,52.3,33.7,4895400
2008-04-09,52.22,52.48,51.65,51.77,33.36,5090400
2008-04-10,51.67,52.75,51.67,52.39,33.76,5458600
2008-04-11,52.37,52.37,51.7,51.93,33.46,5346600
2008-04-14,51.98,52.08,51.56,51.82,33.39,4800300
2008-04-15,52.0,52.08,51.33,51.55,33.22,5602300
2008-04-16,52.03,52.64,51.67,52.55,33.86,4301400
2008-04-17,52.29,52.53,51.25,51.39,33.11,6928500
2008-04-18,51.9,52.21,51.46,52.07,33.55,6223600
2008-04-21,50.7,50.75,49.43,49.59,31.95,10138800
2008-04-22,49.59,49.59,48.26,49.05,31.61,8526100
2008-04-23,49.14,49.86,48.99,49.19,31.7,6545200
2008-04-24,49.16,49.49,48.55,49.04,31.6,4447000
2008-04-25,49.18,49.96,49.11,49.36,31.8,4609500
2008-04-28,49.55,49.64,49.15,49.36,31.8,4912900
2008-04-29,49.3,49.3,47.86,48.11,31.0,8559000
2008-04-30,48.3,48.93,47.96,48.14,31.02,6142000
2008-05-01,48.17,49.72,48.15,49.72,32.04,6267500
2008-05-02,49.89,49.9,49.24,49.38,31.82,3656500
2008-05-05,49.26,49.26,48.69,48.99,31.57,3459400
2008-05-06,48.71,48.96,48.31,48.75,31.41,4277900
2008-05-07,48.69,49.13,48.55,48.65,31.35,5504600
2008-05-08,48.92,48.97,48.25,48.43,31.21,5302100
2008-05-09,48.44,48.44,47.76,48.25,31.09,4293400
2008-05-12,48.4,48.98,48.25,48.76,31.42,3542100
2008-05-13,47.67,48.52,47.5,47.55,30.94,5367300
2008-05-14,47.67,48.32,47.55,48.3,31.42,4371500
2008-05-15,48.42,48.76,47.91,48.67,31.67,5194300
2008-05-16,49.85,49.85,48.55,48.95,31.85,5196200
2008-05-19,48.99,49.69,48.86,49.53,32.22,3779600
2008-05-20,49.39,49.77,48.76,48.96,31.85,4133300
2008-05-21,49.14,49.35,48.03,48.1,31.29,4681500
2008-05-22,48.36,48.79,47.87,48.48,31.54,3106100
2008-05-23,48.46,48.46,47.55,47.57,30.95,3602800
2008-05-27,47.68,48.04,47.61,47.94,31.19,2989600
2008-05-28,48.1,48.28,47.5,47.85,31.13,3520700
2008-05-29,47.73,48.92,47.73,48.6,31.62,6290000
2008-05-30,48.72,48.72,48.0,48.14,31.32,4057000
2008-06-02,48.28,48.36,47.41,47.59,30.96,5930600
2008-06-03,47.85,48.46,47.45,48.28,31.41,7263300
2008-06-04,48.62,49.6,48.62,49.04,31.91,7408800
2008-06-05,49.64,49.82,48.88,49.46,32.18,7863000
2008-06-06,49.35,49.35,48.39,48.42,31.5,7811900
2008-06-09,48.77,48.77,47.8,48.18,31.35,6420500
2008-06-10,47.75,48.45,47.5,47.94,31.19,5166200
2008-06-11,47.81,48.25,47.25,47.43,30.86,4056400
2008-06-12,47.66,48.32,47.55,47.7,31.03,4595400
2008-06-13,47.92,48.37,47.92,48.33,31.44,4298900
2008-06-16,47.92,48.33,47.19,47.85,31.13,5568600
2008-06-17,48.07,48.6,47.74,47.78,31.09,3432300
2008-06-18,47.7,48.0,46.9,46.97,30.56,4217600
2008-06-19,47.04,48.03,46.63,47.79,31.09,8223400
2008-06-20,47.34,48.28,46.73,46.93,30.53,7423900
2008-06-23,47.04,47.74,47.01,47.6,30.97,5380100
2008-06-24,46.96,47.1,45.97,46.94,30.54,9260400
2008-06-25,47.03,47.47,46.8,47.0,30.58,6017500
2008-06-26,46.56,46.81,45.96,46.02,29.94,6517300
2008-06-27,46.0,46.31,45.57,45.61,29.67,7417900
2008-06-30,45.77,46.55,45.36,46.16,30.03,5417100
2008-07-01,45.67,46.44,45.52,46.1,29.99,6454400
2008-07-02,46.1,46.69,45.91,46.09,29.99,4656100
2008-07-03,46.4,47.1,46.31,46.98,30.57,4530900
2008-07-07,46.91,47.12,45.92,46.21,30.06,6096900
2008-07-08,46.18,48.62,46.1,48.46,31.53,9372800
2008-07-09,48.61,49.46,48.24,48.37,31.47,6500100
2008-07-10,48.28,48.93,47.54,48.16,31.33,7374800
2008-07-11,47.52,48.03,46.93,47.67,31.01,4538900
2008-07-14,48.15,48.61,47.95,48.01,31.24,5716100
2008-07-15,47.54,48.34,47.54,48.11,31.3,8184600
2008-07-16,48.32,48.5,47.73,48.28,31.41,6356300
2008-07-17,48.2,48.55,47.3,48.38,31.48,6514900
2008-07-18,48.32,48.55,47.5,47.91,31.17,6421400
2008-07-21,47.97,48.13,46.92,47.18,30.7,4741700
2008-07-22,46.92,47.29,46.51,46.73,30.4,6668400
2008-07-23,47.0,47.69,46.8,47.62,30.98,5608500
2008-07-24,47.94,48.5,47.23,48.0,31.23,4949200
2008-07-25,47.72,48.45,47.25,47.81,31.11,4200200
2008-07-28,47.82,48.45,47.53,47.62,30.98,5131200
2008-07-29,47.68,48.68,47.49,48.26,31.4,5535600
2008-07-30,48.57,49.12,46.95,47.41,30.85,7426300
2008-07-31,47.2,47.63,46.85,47.11,30.65,4931800
2008-08-01,47.11,47.48,46.57,47.04,30.6,4329200
2008-08-04,46.91,47.69,46.91,47.37,30.82,4751900
2008-08-05,47.86,48.0,47.24,47.79,31.09,6486100
2008-08-06,47.23,48.37,47.23,48.0,31.23,3519600
2008-08-07,47.66,48.4,47.23,47.58,30.96,4596900
2008-08-08,47.53,48.58,47.28,48.51,31.56,4158800
2008-08-11,48.5,49.55,48.1,49.05,31.91,6115800
2008-08-12,49.19,49.78,48.85,49.25,32.04,6038100
2008-08-13,48.91,48.91,48.08,48.38,31.78,4955000
2008-08-14,48.01,49.12,47.93,48.34,31.75,4706200
2008-08-15,48.5,49.2,48.5,48.78,32.04,4611400
2008-08-18,48.81,48.82,47.82,48.05,31.56,6245500
2008-08-19,47.68,48.14,47.25,47.8,31.4,5448700
2008-08-20,47.83,47.91,47.19,47.41,31.14,4545100
2008-08-21,47.48,47.48,46.57,47.17,30.99,4161600
2008-08-22,47.21,48.15,47.09,48.03,31.55,5134400
2008-08-25,47.91,48.63,47.31,47.52,31.22,3940300
2008-08-26,47.49,47.78,46.83,47.02,30.89,3370600
2008-08-27,46.99,47.49,46.46,46.87,30.79,5520100
2008-08-28,47.06,47.37,46.66,46.91,30.81,4285500
2008-08-29,46.68,47.02,46.61,46.65,30.64,4765200
2008-09-02,47.21,47.61,46.42,46.66,30.65,5241900
2008-09-03,46.66,47.49,46.23,46.91,30.81,4425900
2008-09-04,46.8,46.9,45.95,46.09,30.28,4714400
2008-09-05,45.97,46.1,45.12,45.44,29.85,5127800
2008-09-08,46.31,46.86,45.53,46.67,30.66,5790600
2008-09-09,46.21,47.88,46.21,46.46,30.52,7821600
2008-09-10,46.56,47.36,46.5,46.73,30.7,6101700
2008-09-11,46.26,46.84,45.94,46.72,30.69,4722200
2008-09-12,46.47,46.85,46.19,46.6,30.61,4271700
2008-09-15,45.85,46.74,45.67,46.04,30.24,5313600
2008-09-16,45.27,45.6,44.47,45.26,29.73,10048900
2008-09-17,44.7,45.64,43.81,43.92,28.85,7175900
2008-09-18,44.36,45.72,43.87,45.42,29.84,9917400
2008-09-19,46.01,47.34,44.9,46.69,30.67,11996600
2008-09-22,46.57,47.13,45.67,45.9,30.15,5783900
2008-09-23,46.09,46.23,45.4,45.73,30.04,7878100
2008-09-24,45.78,46.51,45.4,46.34,30.44,7240700
2008-09-25,46.57,47.72,46.23,46.6,30.61,9338200
2008-09-26,46.17,47.06,45.76,46.82,30.76,5769900
2008-09-29,44.71,46.05,43.41,43.92,28.85,9791500
2008-09-30,44.88,44.97,42.88,44.03,28.92,8438800
2008-10-01,43.58,44.44,43.4,43.69,28.7,6340200
2008-10-02,43.69,43.93,42.44,42.55,27.95,6564400
2008-10-03,43.1,43.1,41.24,41.31,27.14,9396200
2008-10-06,40.64,40.7,37.09,38.42,25.24,18989200
2008-10-07,39.52,39.97,38.52,38.61,25.36,12466300
2008-10-08,38.74,39.5,37.66,37.9,24.9,8946200
2008-10-09,37.58,37.85,32.44,33.22,21.82,13833900
2008-10-10,31.96,33.39,29.25,31.36,20.6,15866600
2008-10-13,32.51,36.0,32.2,35.86,23.56,8286200
2008-10-14,37.24,37.56,34.57,34.94,22.95,10643400
2008-10-15,34.65,34.99,31.93,32.54,21.38,10602700
2008-10-16,32.69,34.66,31.5,34.38,22.58,10297900
2008-10-17,33.29,34.12,32.14,32.2,21.15,9160900
2008-10-20,32.56,34.1,31.77,34.1,22.4,9049300
2008-10-21,33.71,34.64,33.05,33.68,22.12,7733000
2008-10-22,33.61,33.63,31.4,32.11,21.09,6671900
2008-10-23,33.99,34.0,31.26,33.48,21.99,8729300
2008-10-24,31.99,32.8,31.14,31.73,20.84,7224100
2008-10-27,31.3,32.6,30.4,30.4,19.97,7526900
2008-10-28,31.07,33.47,29.9,33.38,21.93,8334900
2008-10-29,33.32,33.67,31.83,32.03,21.04,9180200
2008-10-30,32.97,33.1,32.26,32.83,21.57,7363200
2008-10-31,32.63,34.55,32.63,33.82,22.22,6874800
2008-11-03,34.44,34.54,33.54,34.01,22.34,4801900
2008-11-04,34.75,35.64,33.65,35.15,23.09,7786900
2008-11-05,34.74,35.43,33.55,33.76,22.18,5858400
2008-11-06,33.89,34.17,32.6,32.87,21.59,6447300
2008-11-07,32.89,34.37,32.89,34.2,22.47,4023900
2008-11-10,34.77,35.5,34.41,34.87,22.91,5806900
2008-11-11,34.73,35.25,33.63,33.97,22.31,4962000
2008-11-12,33.25,33.42,31.85,31.99,21.31,6160700
2008-11-13,32.24,34.5,31.76,34.12,22.73,13039100
2008-11-14,32.78,33.89,32.05,32.06,21.36,8113700
2008-11-17,31.71,32.93,31.5,32.13,21.4,6436700
2008-11-18,32.9,33.34,31.54,33.34,22.21,6581300
2008-11-19,33.16,33.97,31.1,31.41,20.92,7163500
2008-11-20,31.23,32.25,29.59,29.91,19.92,7966700
2008-11-21,30.23,30.57,28.62,30.43,20.27,9947500
2008-11-24,30.9,32.76,30.51,32.08,21.37,7845200
2008-11-25,32.9,33.36,31.83,32.8,21.85,6495500
2008-11-26,32.42,32.93,31.83,32.87,21.89,5886700
2008-11-28,33.06,34.5,33.06,34.15,22.75,2736300
2008-12-01,33.32,33.4,30.63,31.12,20.73,6326300
2008-12-02,31.54,33.29,31.5,33.19,22.11,6817900
2008-12-03,32.57,35.08,32.02,34.97,23.29,7760000
2008-12-04,34.54,34.88,33.55,33.89,22.57,6856500
2008-12-05,33.69,35.25,32.56,34.94,23.27,7571000
2008-12-08,35.68,35.85,34.3,34.86,23.22,6885000
2008-12-09,34.4,35.1,34.34,34.57,23.03,4471700
2008-12-10,34.93,35.58,34.64,35.01,23.32,4854200
2008-12-11,35.89,36.59,35.2,35.62,23.73,8004200
2008-12-12,34.82,36.5,34.6,36.41,24.25,6637400
2008-12-15,36.41,36.64,34.9,35.32,23.53,5728500
2008-12-16,35.64,37.34,35.54,37.21,24.79,6155900
2008-12-17,36.71,37.32,36.27,36.94,24.61,4963700
2008-12-18,37.21,37.92,36.48,36.87,24.56,6650000
2008-12-19,37.97,38.77,37.0,38.26,25.48,10252500
2008-12-22,38.2,38.49,36.63,37.34,24.87,5046400
2008-12-23,38.06,38.5,37.41,37.49,24.97,4237500
2008-12-24,38.0,38.08,37.5,37.8,25.18,1237100
2008-12-26,37.95,38.1,37.81,37.98,25.3,1614000
2008-12-29,38.08,38.5,37.64,38.48,25.63,4001000
2008-12-30,38.71,39.77,38.71,39.67,26.42,4743600
2008-12-31,39.67,40.5,39.38,40.27,26.82,4735100
2009-01-02,40.38,40.78,39.3,40.57,27.02,6022900
2009-01-05,40.55,40.56,39.07,39.46,26.28,6854500
2009-01-06,39.64,39.76,38.51,39.57,26.36,8975000
2009-01-07,39.06,39.46,38.39,38.62,25.72,6365600
2009-01-08,38.44,38.91,37.9,38.81,25.85,5627000
2009-01-09,38.81,38.81,38.03,38.48,25.63,5937400
2009-01-12,38.46,38.75,37.91,38.13,25.4,5199200
2009-01-13,38.25,38.68,37.91,38.52,25.66,5301400
2009-01-14,38.34,38.37,37.1,37.47,24.96,6557100
2009-01-15,37.42,37.63,36.28,37.55,25.01,4957200
2009-01-16,38.04,38.41,37.29,38.13,25.4,5443900
2009-01-20,37.92,38.76,37.23,37.39,24.91,9442300
2009-01-21,37.88,38.7,37.23,38.24,25.47,6836000
2009-01-22,37.63,38.34,37.16,37.8,25.18,5547800
2009-01-23,37.2,37.64,36.84,37.42,24.93,6228600
2009-01-26,37.65,38.49,37.25,37.57,25.03,6766000
2009-01-27,37.84,38.9,37.69,38.61,25.72,5403700
2009-01-28,39.0,39.2,38.38,39.09,26.04,5368700
2009-01-29,38.64,39.15,37.74,37.97,25.29,6473900
2009-01-30,38.71,38.71,36.27,36.82,24.53,9599100
2009-02-02,36.53,37.61,36.2,37.27,24.83,5505000
2009-02-03,37.69,39.15,36.87,38.69,25.77,9611300
2009-02-04,39.22,39.25,37.8,38.01,25.32,7416500
2009-02-05,37.79,38.3,37.25,38.16,25.42,5051300
2009-02-06,37.83,38.74,37.83,38.18,25.43,4978300
2009-02-09,38.22,38.23,37.4,38.12,25.39,4132900
2009-02-10,38.0,38.4,36.76,36.94,24.61,5721900
2009-02-11,37.13,37.2,36.46,36.72,24.79,4244400
2009-02-12,36.18,36.61,35.38,36.34,24.53,6098300
2009-02-13,36.15,36.48,35.38,35.43,23.92,6020700
2009-02-17,34.72,35.11,34.27,34.58,23.34,7399900
2009-02-18,34.76,34.76,34.11,34.4,23.22,5916800
2009-02-19,34.65,34.86,34.32,34.48,23.28,4240600
2009-02-20,33.88,34.13,32.93,33.24,22.44,8361100
2009-02-23,33.66,33.83,32.26,32.31,21.81,5545100
2009-02-24,32.41,32.98,32.06,32.91,22.22,7345600
2009-02-25,32.79,33.04,32.11,32.56,21.98,6943800
2009-02-26,32.98,32.98,31.0,31.04,20.95,12135600
2009-02-27,30.37,30.73,29.38,29.38,19.83,9522900
2009-03-02,28.55,28.85,27.66,27.75,18.73,13436000
2009-03-03,28.08,28.51,27.22,27.49,18.56,9488100
2009-03-04,28.2,28.87,27.27,28.5,19.24,8865100
2009-03-05,27.89,28.39,27.21,27.47,18.54,9028200
2009-03-06,27.65,28.23,27.45,27.98,18.89,8700000
2009-03-09,27.73,28.67,27.47,27.97,18.88,8635800
2009-03-10,28.63,29.76,28.33,29.72,20.06,10124700
2009-03-11,30.01,30.09,28.67,28.85,19.48,9624700
2009-03-12,28.85,30.13,28.75,30.03,20.27,6359600
2009-03-13,30.23,31.05,30.09,30.64,20.68,6790500
2009-03-16,30.84,31.74,30.74,30.81,20.8,6624300
2009-03-17,30.96,31.76,30.52,31.76,21.44,5031600
2009-03-18,32.45,33.1,31.95,32.5,21.94,6519000
2009-03-19,32.62,32.77,31.52,31.83,21.49,5170900
2009-03-20,31.9,32.91,31.9,32.55,21.97,10262000
2009-03-23,33.28,34.09,33.02,34.09,23.01,6611700
2009-03-24,33.61,34.31,33.17,33.17,22.39,8487800
2009-03-25,33.36,33.87,32.86,33.53,22.63,7747900
2009-03-26,33.74,34.29,33.39,34.22,23.1,7407000
2009-03-27,33.83,34.16,33.56,33.75,22.78,5461800
2009-03-30,32.03,32.98,32.03,32.84,22.17,7106400
2009-03-31,33.2,33.88,32.6,33.41,22.55,6702000
2009-04-01,33.03,33.93,32.59,33.78,22.8,5483400
2009-04-02,34.41,34.41,33.56,33.9,22.88,6665800
2009-04-03,33.53,33.75,32.52,33.01,22.28,7122500
2009-04-06,32.75,33.34,32.39,32.84,22.17,6618900
2009-04-07,31.82,32.14,30.91,31.88,21.52,6031800
2009-04-08,31.96,32.53,31.6,32.34,21.83,5226900
2009-04-09,33.02,33.8,32.36,32.64,22.03,4984200
2009-04-13,32.33,32.8,32.27,32.57,21.99,3405300
2009-04-14,32.75,32.75,31.98,32.15,21.7,5248600
2009-04-15,32.09,32.96,32.0,32.81,22.15,6155300
2009-04-16,32.97,33.46,32.43,33.27,22.46,4967300
2009-04-17,33.26,34.05,33.19,33.75,22.78,6670400
2009-04-20,33.68,34.43,32.92,32.99,22.27,9799300
2009-04-21,33.42,33.68,32.74,33.34,22.51,6409700
2009-04-22,33.11,33.34,32.46,32.74,22.1,11129900
2009-04-23,32.53,32.95,32.03,32.88,22.2,8591400
2009-04-24,33.0,33.66,32.85,33.01,22.28,8328100
2009-04-27,32.99,33.5,32.75,33.13,22.36,4168700
2009-04-28,33.07,33.69,32.96,33.2,22.41,7663500
2009-04-29,33.45,33.73,32.96,33.36,22.52,6750000
2009-04-30,33.86,33.89,32.83,32.92,22.22,8283200
2009-05-01,32.92,33.58,32.62,33.49,22.61,5411900
2009-05-04,33.42,33.99,33.27,33.81,22.82,5363100
2009-05-05,34.5,34.79,33.95,34.54,23.32,8330900
2009-05-06,35.01,35.23,34.06,34.43,23.24,5696700
2009-05-07,34.73,35.96,34.53,35.85,24.2,11236400
2009-05-08,36.32,36.65,35.75,35.95,24.27,7172300
2009-05-11,35.62,35.89,35.04,35.35,23.86,6339100
2009-05-12,35.6,36.27,35.31,35.9,24.23,6427600
2009-05-13,35.08,36.05,34.81,35.15,24.06,6042000
2009-05-14,35.22,35.44,35.0,35.12,24.04,4647400
2009-05-15,35.1,35.17,34.05,34.17,23.39,6176500
2009-05-18,34.42,34.75,34.01,34.67,23.73,5553400
2009-05-19,34.81,34.85,34.34,34.53,23.63,4369900
2009-05-20,34.86,35.23,34.5,34.73,23.77,4780800
2009-05-21,35.12,35.12,34.18,34.62,23.69,5217100
2009-05-22,34.63,34.77,34.14,34.34,23.5,3339200
2009-05-26,34.23,34.92,34.05,34.85,23.85,3952900
2009-05-27,34.84,35.03,33.58,33.67,23.04,5193700
2009-05-28,33.67,34.12,33.57,33.78,23.12,4498700
2009-05-29,33.85,34.6,33.6,34.57,23.66,4873200
2009-06-01,34.89,35.06,34.28,34.65,23.71,5319700
2009-06-02,34.5,35.34,34.4,35.05,23.99,5291500
2009-06-03,34.75,34.87,34.3,34.6,23.68,5278000
2009-06-04,34.65,34.84,34.0,34.38,23.53,4666600
2009-06-05,34.54,34.81,33.97,34.77,23.8,5526000
2009-06-08,34.8,34.81,33.7,34.1,23.34,5648700
2009-06-09,33.95,34.37,33.51,33.91,23.21,4052000
2009-06-10,34.12,34.22,33.6,33.91,23.21,4738700
2009-06-11,33.94,34.9,33.94,34.38,23.53,6347400
2009-06-12,34.39,34.84,34.07,34.29,23.47,5266200
2009-06-15,33.99,33.99,32.94,32.96,22.56,7087900
2009-06-16,33.14,33.53,32.78,32.98,22.57,6471600
2009-06-17,32.99,33.81,32.99,33.43,22.88,5062500
2009-06-18,33.44,34.18,33.3,33.85,23.17,4871900
2009-06-19,34.08,34.28,33.6,33.71,23.07,6932400
2009-06-22,33.4,33.4,32.78,33.22,22.74,7991300
2009-06-23,33.25,33.76,33.15,33.56,22.97,5840100
2009-06-24,33.68,33.97,33.36,33.61,23.0,6134000
2009-06-25,33.38,35.41,33.25,35.33,24.18,12777400
2009-06-26,35.2,35.47,34.02,35.28,24.15,18743900
2009-06-29,35.3,35.3,34.53,35.03,23.97,6993100
2009-06-30,35.03,35.22,34.32,34.64,23.71,6700100
2009-07-01,34.76,35.24,34.64,34.96,23.93,5269200
2009-07-02,34.71,34.71,33.9,33.9,23.2,4492900
2009-07-06,33.68,33.97,33.27,33.57,22.98,6241500
2009-07-07,33.56,33.88,33.3,33.49,22.92,6003900
2009-07-08,33.04,33.93,33.04,33.42,22.87,5880000
2009-07-09,33.5,33.58,32.88,33.0,22.59,5492500
2009-07-10,32.85,33.92,32.75,33.32,22.8,13989200
2009-07-13,33.4,33.45,32.19,32.93,22.54,13187100
2009-07-14,32.81,33.03,32.6,32.91,22.52,9884200
2009-07-15,33.01,33.56,32.63,33.49,22.92,7363900
2009-07-16,33.37,33.91,33.37,33.76,23.11,6020100
2009-07-17,33.71,33.73,33.22,33.53,22.95,4388500
2009-07-20,33.76,33.93,33.14,33.72,23.08,6245200
2009-07-21,34.11,34.53,33.96,34.45,23.58,6772300
2009-07-22,34.85,34.87,33.78,33.79,23.13,9882600
2009-07-23,34.06,34.54,33.8,34.28,23.46,6543100
2009-07-24,34.14,34.76,33.82,34.68,23.73,7136100
2009-07-27,34.82,35.15,34.51,35.15,24.06,4740800
2009-07-28,35.01,35.32,34.52,35.07,24.0,4896400
2009-07-29,34.99,35.27,34.61,34.9,23.89,4125500
2009-07-30,35.22,35.65,34.91,35.05,23.99,4579700
2009-07-31,35.01,35.41,34.88,34.89,23.88,5893600
2009-08-03,35.33,35.63,34.57,34.96,23.93,5663700
2009-08-04,34.89,35.06,34.61,35.06,23.99,4364800
2009-08-05,35.14,35.27,34.5,34.7,23.75,4805900
2009-08-06,34.77,34.79,34.34,34.42,23.56,4453200
2009-08-07,34.74,35.06,34.57,34.89,23.88,5257700
2009-08-10,33.97,34.0,33.68,33.83,23.15,9479700
2009-08-11,33.94,34.03,33.53,33.67,23.04,6293700
2009-08-12,33.4,33.42,32.9,32.94,22.88,7475700
2009-08-13,32.92,33.15,32.39,32.87,22.83,6266000
2009-08-14,32.91,32.97,32.4,32.88,22.84,3817300
2009-08-17,32.73,32.94,32.45,32.71,22.72,4247000
2009-08-18,32.23,33.01,32.23,32.84,22.81,5479500
2009-08-19,32.34,32.95,32.34,32.95,22.88,5936900
2009-08-20,33.16,33.27,32.82,33.15,23.02,4443900
2009-08-21,33.2,33.84,33.2,33.45,23.23,5728300
2009-08-24,33.57,33.9,33.38,33.73,23.43,5603000
2009-08-25,33.76,34.15,33.73,33.87,23.52,5369100
2009-08-26,33.74,34.15,33.6,33.65,23.37,5392700
2009-08-27,33.58,34.15,33.58,34.11,23.69,6200500
2009-08-28,34.11,34.22,33.38,33.6,23.34,8660000
2009-08-31,33.31,33.81,33.31,33.46,23.24,5819100
2009-09-01,33.3,33.55,32.74,32.88,22.84,7084900
2009-09-02,32.75,33.11,32.65,33.01,22.93,7142100
2009-09-03,32.97,33.03,32.47,32.64,22.67,5838000
2009-09-04,32.68,33.0,32.64,33.0,22.92,4159700
2009-09-08,33.2,33.25,32.64,32.83,22.8,5376900
2009-09-09,32.77,33.15,32.72,32.88,22.84,6195400
2009-09-10,33.17,33.2,32.75,32.82,22.79,5942400
2009-09-11,32.89,33.13,32.67,32.82,22.79,7281700
2009-09-14,33.32,33.33,33.01,33.13,23.01,8473700
2009-09-15,33.23,33.23,32.71,32.75,22.74,7476100
2009-09-16,32.86,32.95,32.68,32.87,22.83,6122600
2009-09-17,32.8,32.96,32.68,32.74,22.74,7067600
2009-09-18,33.0,33.07,32.83,32.86,22.82,9311900
2009-09-21,33.0,33.03,32.75,32.86,22.82,4607600
2009-09-22,32.94,33.02,32.69,32.77,22.76,6737400
2009-09-23,32.85,32.85,32.45,32.45,22.54,6428500
2009-09-24,32.57,32.73,32.3,32.4,22.5,6937400
2009-09-25,32.38,32.87,32.38,32.68,22.7,6311700
2009-09-28,32.73,33.35,32.73,33.04,22.95,5600500
2009-09-29,33.18,33.55,32.92,33.42,23.21,9277100
2009-09-30,33.52,33.52,32.75,33.03,22.94,6579000
2009-10-01,32.97,33.03,32.6,32.65,22.68,6639300
2009-10-02,32.5,32.65,32.3,32.51,22.58,5759000
2009-10-05,32.61,32.66,32.27,32.47,22.55,5052900
2009-10-06,32.65,33.18,32.52,33.02,22.93,4829000
2009-10-07,33.0,33.12,32.85,33.12,23.0,5456500
2009-10-08,33.23,33.52,33.19,33.36,23.17,5007700
2009-10-09,33.39,33.89,33.14,33.78,23.46,5442700
2009-10-12,33.9,34.06,33.75,33.87,23.52,4233800
2009-10-13,33.81,33.85,33.3,33.36,23.17,5376800
2009-10-14,33.59,34.08,33.38,33.92,23.56,6773600
2009-10-15,33.79,34.51,33.75,34.5,23.96,6888400
2009-10-16,34.26,34.58,34.26,34.44,23.92,6747500
2009-10-19,34.72,35.55,34.56,35.28,24.5,9515500
2009-10-20,35.19,35.63,34.84,35.24,24.47,12117400
2009-10-21,35.4,35.51,33.48,33.66,23.38,17840300
2009-10-22,33.97,34.13,33.45,34.1,23.68,10035000
2009-10-23,34.23,34.28,33.8,33.96,23.59,7867500
2009-10-26,34.05,34.4,33.73,33.91,23.55,8003700
2009-10-27,34.0,34.43,33.88,34.18,23.74,6637400
2009-10-28,34.16,34.37,34.0,34.0,23.61,7898000
2009-10-29,34.15,34.15,33.7,34.14,23.71,7201100
2009-10-30,34.07,34.33,33.7,34.01,23.62,8669400
2009-11-02,34.19,34.19,33.82,34.05,23.65,7000200
2009-11-03,33.9,34.0,33.38,33.54,23.29,7223300
2009-11-04,33.82,34.38,33.65,33.98,23.6,5766000
2009-11-05,34.14,34.6,34.01,34.43,23.91,4852300
2009-11-06,34.39,34.53,34.16,34.5,23.96,9027300
2009-11-09,34.76,35.38,34.61,35.32,24.53,5819100
2009-11-10,34.75,35.34,34.69,35.25,24.83,6043400
2009-11-11,35.31,35.4,34.86,35.19,24.78,6164200
2009-11-12,35.02,35.4,34.91,34.98,24.64,5226600
2009-11-13,35.09,35.52,34.95,35.36,24.9,5019100
2009-11-16,35.39,36.06,35.25,35.89,25.28,7371200
2009-11-17,35.89,35.95,35.58,35.94,25.31,4780700
2009-11-18,36.0,36.22,35.53,36.21,25.5,5744200
2009-11-19,36.07,36.21,35.26,36.12,25.44,7071700
2009-11-20,36.04,36.7,36.0,36.59,25.77,7319900
2009-11-23,36.63,37.18,36.63,36.8,25.92,5129200
2009-11-24,36.89,37.4,36.72,37.3,26.27,8028200
2009-11-25,37.44,37.54,37.2,37.4,26.34,5113500
2009-11-27,36.91,37.04,36.46,36.9,25.99,3040500
2009-11-30,36.98,37.0,36.57,36.73,25.87,6680700
2009-12-01,36.82,37.48,36.67,37.09,26.12,6762200
2009-12-02,37.09,37.66,37.09,37.51,26.42,6618300
2009-12-03,37.49,37.99,37.31,37.4,26.34,6362400
2009-12-04,37.76,38.0,37.25,37.39,26.33,5001100
2009-12-07,37.43,37.78,37.03,37.07,26.11,5677300
2009-12-08,37.02,37.33,36.44,36.51,25.71,7180900
2009-12-09,36.5,36.75,36.23,36.56,25.75,6549500
2009-12-10,35.79,36.04,34.76,35.02,24.66,21928200
2009-12-11,35.24,35.39,34.47,34.97,24.63,12559000
2009-12-14,35.24,35.81,35.11,35.62,25.09,6539000
2009-12-15,35.58,35.79,35.23,35.75,25.18,6072400
2009-12-16,35.94,36.06,35.71,35.71,25.15,7272500
2009-12-17,35.68,35.76,35.32,35.45,24.97,5318600
2009-12-18,35.48,35.78,35.33,35.72,25.16,9838300
2009-12-21,35.85,36.53,35.72,36.24,25.52,6356000
2009-12-22,36.43,36.68,35.96,36.11,25.43,5231200
2009-12-23,36.35,36.47,35.89,35.94,25.31,5578300
2009-12-24,36.0,36.1,35.8,36.08,25.41,1410500
2009-12-28,36.19,36.35,35.99,36.21,25.5,3104000
2009-12-29,36.21,36.36,35.99,36.01,25.36,3629300
2009-12-30,35.85,36.17,35.82,36.17,25.47,3457600
2009-12-31,36.1,36.15,35.66,35.71,25.15,4821400
2010-01-04,35.77,36.35,35.77,35.82,25.23,6067100
2010-01-05,35.9,35.91,34.93,35.19,24.78,7517100
2010-01-06,35.24,35.53,35.24,35.45,24.97,7661600
2010-01-07,35.49,35.56,35.15,35.27,24.84,5997100
2010-01-08,35.28,35.28,34.84,35.0,24.65,5624400
2010-01-11,35.09,35.56,35.09,35.48,24.99,4793400
2010-01-12,35.35,35.6,35.21,35.36,24.9,4700800
2010-01-13,35.35,36.0,35.27,35.85,25.25,5320900
2010-01-14,35.75,36.0,35.75,36.0,25.35,6417300
2010-01-15,36.0,36.11,35.43,35.82,25.23,6519600
2010-01-19,35.99,37.92,35.91,37.41,26.35,17795600
2010-01-20,37.4,37.72,36.66,37.3,26.27,8851200
2010-01-21,37.27,37.48,36.0,36.11,25.43,11022600
2010-01-22,36.09,36.41,35.46,35.52,25.02,7247500
2010-01-25,35.85,36.02,35.53,35.75,25.18,6499400
2010-01-26,35.96,36.24,35.77,36.16,25.47,7128400
2010-01-27,36.16,36.42,35.9,36.39,25.63,7009700
2010-01-28,35.91,36.01,35.27,35.75,25.18,9423500
2010-01-29,35.94,35.94,35.13,35.2,24.79,9281900
2010-02-01,35.36,35.69,34.85,35.0,24.65,6767300
2010-02-02,35.0,35.75,34.9,35.62,25.09,6573500
2010-02-03,35.45,35.45,35.07,35.31,24.87,5493500
2010-02-04,35.1,35.22,34.61,34.67,24.42,8914200
2010-02-05,34.64,34.82,33.91,34.52,24.31,8698500
2010-02-08,34.49,35.13,34.22,34.78,24.49,8301000
2010-02-09,34.95,35.47,34.86,35.2,24.79,10261600
2010-02-10,34.75,34.75,33.98,34.17,24.4,9425900
2010-02-11,34.17,34.43,33.82,34.17,24.4,6352000
2010-02-12,33.95,34.04,33.63,33.95,24.25,8706400
2010-02-16,34.25,34.25,33.95,34.08,24.34,7280900
2010-02-17,34.35,34.62,34.22,34.39,24.56,5708100
2010-02-18,34.39,34.59,34.26,34.41,24.58,4158200
2010-02-19,34.2,34.48,33.86,34.24,24.45,5476400
2010-02-22,34.4,34.65,34.08,34.47,24.62,5855000
2010-02-23,34.36,34.47,33.85,33.96,24.25,5547900
2010-02-24,34.11,34.31,33.96,34.04,24.31,4426200
2010-02-25,33.84,34.32,33.72,34.24,24.45,6111600
2010-02-26,34.33,34.52,34.19,34.34,24.53,4850100
2010-03-01,34.5,34.55,34.28,34.32,24.51,5714700
2010-03-02,34.34,34.76,34.33,34.55,24.68,6316400
2010-03-03,34.62,34.73,34.23,34.32,24.51,5317600
2010-03-04,34.39,34.56,34.31,34.54,24.67,5815300
2010-03-05,34.65,35.09,34.63,35.09,25.06,5995400
2010-03-08,35.11,35.11,34.81,34.93,24.95,5672000
2010-03-09,35.0,35.17,34.77,35.06,25.04,4805800
2010-03-10,35.24,35.46,35.08,35.34,25.24,5063800
2010-03-11,35.33,35.83,35.23,35.82,25.58,6661300
2010-03-12,35.99,36.0,35.48,35.93,25.66,7245200
2010-03-15,35.91,36.04,35.76,36.01,25.72,6446000
2010-03-16,36.09,36.22,35.89,36.18,25.84,6635900
2010-03-17,36.21,36.34,36.09,36.22,25.87,6155400
2010-03-18,36.08,36.38,36.02,36.36,25.97,5731200
2010-03-19,36.17,36.58,36.01,36.17,25.83,9641300
2010-03-22,36.17,36.82,36.12,36.54,26.1,6691600
2010-03-23,36.64,36.8,36.46,36.62,26.15,6515200
2010-03-24,36.68,36.7,36.18,36.26,25.9,5450700
2010-03-25,36.58,36.58,35.96,35.98,25.7,5852200
2010-03-26,36.04,36.04,35.4,35.42,25.3,8199200
2010-03-29,35.5,35.73,35.34,35.47,25.33,6954900
2010-03-30,35.51,35.94,35.48,35.9,25.64,7239900
2010-03-31,35.87,36.49,35.8,36.22,25.87,9361900
2010-04-01,36.45,36.59,36.04,36.15,25.82,6248100
2010-04-05,36.35,36.97,36.2,36.55,26.1,8196400
2010-04-06,36.39,36.58,36.06,36.51,26.08,7033500
2010-04-07,36.51,36.68,36.45,36.52,26.08,9554200
2010-04-08,36.51,36.62,36.45,36.52,26.08,6104900
2010-04-09,36.69,36.92,36.54,36.84,26.31,4587200
2010-04-12,36.83,36.83,36.54,36.57,26.12,5256400
2010-04-13,36.57,36.96,36.5,36.92,26.37,5788900
2010-04-14,36.72,36.82,36.45,36.59,26.13,7678300
2010-04-15,36.61,36.78,36.5,36.72,26.23,5629500
2010-04-16,36.52,36.84,36.5,36.54,26.1,7987600
2010-04-19,35.95,36.62,35.75,36.58,26.13,11600000
2010-04-20,36.53,36.65,36.46,36.53,26.09,7789400
2010-04-21,36.5,36.56,35.8,36.01,25.72,11347000
2010-04-22,35.79,35.84,35.21,35.38,25.27,10391800
2010-04-23,35.42,35.48,34.85,35.46,25.33,10398900
2010-04-26,35.48,35.7,35.25,35.32,25.23,6419000
2010-04-27,35.29,35.4,34.82,34.87,24.9,7002500
2010-04-28,35.02,35.02,34.57,34.76,24.83,6968300
2010-04-29,34.97,35.35,34.83,35.04,25.03,6256300
2010-04-30,35.13,35.5,34.97,34.97,24.98,6937600
2010-05-03,35.27,35.41,35.0,35.19,25.13,5234100
2010-05-04,35.03,35.38,34.86,35.01,25.0,7010800
2010-05-05,34.96,35.37,34.86,35.08,25.05,6713800
2010-05-06,35.05,35.13,33.42,34.4,24.57,12354100
2010-05-07,34.4,34.9,34.02,34.62,24.73,23682700
2010-05-10,35.47,35.8,34.92,35.15,25.1,13461100
2010-05-11,34.98,35.54,34.95,35.28,25.2,6984800
2010-05-12,35.07,35.07,34.47,34.78,25.19,6697600
2010-05-13,34.78,34.83,34.48,34.5,24.99,5617300
2010-05-14,34.34,34.4,33.73,33.92,24.57,7688500
2010-05-17,33.97,34.16,33.58,34.01,24.63,5526900
2010-05-18,34.25,34.42,33.61,33.62,24.35,6693100
2010-05-19,33.47,34.0,33.47,33.86,24.52,9399300
2010-05-20,33.45,33.96,33.1,33.34,24.15,12160500
2010-05-21,33.0,33.2,32.67,33.12,23.99,9019400
2010-05-24,33.01,33.41,32.9,32.98,23.89,4874600
2010-05-25,32.63,32.81,32.02,32.75,23.72,10079600
2010-05-26,32.98,32.98,32.1,32.25,23.36,12715000
2010-05-27,32.67,32.87,32.52,32.82,23.77,6110700
2010-05-28,32.84,33.08,32.56,32.79,23.75,8389500
2010-06-01,32.63,33.13,32.41,32.55,23.58,5852100
2010-06-02,32.76,33.22,32.62,33.21,24.05,5509500
2010-06-03,33.23,33.54,33.17,33.37,24.17,5107700
2010-06-04,33.02,33.1,32.27,32.37,23.44,6832600
2010-06-07,32.59,32.85,32.43,32.58,23.6,9650100
2010-06-08,32.57,32.92,32.38,32.9,23.83,7600900
2010-06-09,33.0,33.29,32.81,32.95,23.86,6512400
2010-06-10,33.35,33.92,33.15,33.46,24.23,7213400
2010-06-11,33.32,33.8,33.26,33.67,24.39,5601600
2010-06-14,34.0,34.22,33.83,33.87,24.53,6053200
2010-06-15,33.95,34.42,33.76,34.39,24.91,6373600
2010-06-16,34.27,34.36,33.92,34.11,24.71,7534700
2010-06-17,34.24,34.39,33.93,34.39,24.91,6494200
2010-06-18,34.66,34.74,34.36,34.61,25.07,8506400
2010-06-21,34.76,34.85,34.52,34.66,25.1,5373200
2010-06-22,34.66,34.98,34.42,34.45,24.95,5256400
2010-06-23,34.44,34.7,34.24,34.56,25.03,5625800
2010-06-24,34.54,34.61,34.19,34.48,24.97,16867500
2010-06-25,34.32,34.35,33.86,33.94,24.58,12710800
2010-06-28,34.25,34.26,33.77,34.02,24.64,8289300
2010-06-29,33.61,33.81,33.34,33.75,24.44,8854700
2010-06-30,33.7,34.07,33.43,33.5,24.26,7742600
2010-07-01,33.43,33.47,32.82,33.12,23.99,17132600
2010-07-02,33.28,33.87,33.09,33.67,24.39,6888200
2010-07-06,33.97,34.15,33.67,33.91,24.56,19358500
2010-07-07,34.02,34.67,33.76,34.66,25.1,6759500
2010-07-08,34.83,35.19,34.75,35.18,25.48,7511300
2010-07-09,35.14,35.18,34.88,35.17,25.47,5367200
2010-07-12,35.1,35.19,34.94,35.13,25.44,4361700
2010-07-13,35.27,35.6,35.17,35.21,25.5,7524300
2010-07-14,35.15,35.2,34.7,34.8,25.2,11570800
2010-07-15,34.86,35.24,34.62,35.17,25.47,7380700
2010-07-16,35.08,35.12,34.58,34.64,25.09,7637500
2010-07-19,34.76,35.08,34.76,34.99,25.34,4951300
2010-07-20,34.77,35.31,34.45,35.26,25.54,6926100
2010-07-21,35.43,35.43,34.72,34.95,25.31,6809100
2010-07-22,35.85,35.85,35.0,35.15,25.46,8888000
2010-07-23,35.22,35.24,34.57,35.17,25.47,6328000
2010-07-26,35.2,35.52,35.17,35.44,25.67,4673400
2010-07-27,35.63,36.13,35.25,36.1,26.15,11840500
2010-07-28,36.02,36.2,35.53,35.67,25.83,10420300
2010-07-29,35.76,35.99,35.2,35.45,25.68,7269400
2010-07-30,35.26,35.82,35.05,35.6,25.78,7662800
2010-08-02,35.84,36.39,35.75,36.34,26.32,6991400
2010-08-03,36.43,36.66,36.28,36.58,26.49,5950300
2010-08-04,36.47,36.82,36.22,36.78,26.64,6623300
2010-08-05,36.59,36.88,36.46,36.85,26.69,3620200
2010-08-06,36.6,36.89,36.39,36.87,26.7,4711800
2010-08-09,36.98,37.01,36.87,36.96,26.77,5664200
2010-08-10,36.81,37.92,36.81,37.77,27.36,11213900
2010-08-11,36.81,37.26,36.57,36.71,26.94,9675700
2010-08-12,36.42,36.87,36.23,36.6,26.86,7401800
2010-08-13,35.39,35.84,35.23,35.7,26.2,13055600
2010-08-16,35.38,35.73,35.23,35.57,26.1,5217800
2010-08-17,35.08,35.15,34.45,34.75,25.5,14976600
2010-08-18,34.81,34.97,34.64,34.78,25.52,23704700
2010-08-19,34.59,34.69,34.18,34.28,25.15,10578400
2010-08-20,34.1,34.23,33.73,34.17,25.07,9187800
2010-08-23,34.35,34.54,34.25,34.31,25.18,13820500
2010-08-24,34.04,34.22,33.85,33.97,24.93,6426300
2010-08-25,33.84,34.5,33.8,34.31,25.18,7127500
2010-08-26,34.46,34.46,33.84,33.95,24.91,6380900
2010-08-27,34.11,34.25,33.72,34.2,25.1,5809800
2010-08-30,34.23,34.28,33.95,33.97,24.93,4576400
2010-08-31,33.95,34.04,33.54,33.59,24.65,9329300
2010-09-01,34.11,34.33,33.83,34.2,25.1,8004300
2010-09-02,34.16,34.42,34.12,34.31,25.18,4316400
2010-09-03,34.3,34.71,34.28,34.66,25.43,4450600
2010-09-07,34.71,34.78,34.43,34.54,25.35,4009800
2010-09-08,34.81,34.9,34.59,34.81,25.54,3587400
2010-09-09,34.9,35.44,34.77,35.17,25.81,5616000
2010-09-10,35.45,35.52,35.2,35.43,26.0,4600900
2010-09-13,35.73,35.74,35.32,35.53,26.07,3943200
2010-09-14,35.57,35.85,35.45,35.65,26.16,6042800
2010-09-15,35.64,35.84,35.51,35.7,26.2,4535900
2010-09-16,35.58,35.76,35.38,35.67,26.17,4461200
2010-09-17,35.84,35.97,35.58,35.79,26.26,4899300
2010-09-20,35.92,36.39,35.81,36.35,26.67,5525700
2010-09-21,36.38,36.49,36.08,36.33,26.66,4736600
2010-09-22,36.22,36.71,35.99,36.05,26.45,6931300
2010-09-23,35.93,36.01,35.75,35.86,26.31,4437700
2010-09-24,36.21,36.28,36.01,36.1,26.49,6132600
2010-09-27,36.15,36.18,35.94,35.94,26.37,4638800
2010-09-28,36.05,36.39,35.9,36.39,26.7,5453300
2010-09-29,36.31,36.72,36.1,36.53,26.81,6778900
2010-09-30,36.59,36.9,36.33,36.53,26.81,6022100
2010-10-01,36.68,36.77,36.42,36.54,26.81,5212600
2010-10-04,36.54,36.56,36.13,36.3,26.64,4680800
2010-10-05,36.59,37.0,36.44,36.89,27.07,5468200
2010-10-06,36.82,37.17,36.71,37.17,27.28,4981700
2010-10-07,37.28,37.4,36.94,37.08,27.21,3782400
2010-10-08,37.13,37.24,36.91,37.07,27.2,4539400
2010-10-11,37.15,37.33,37.09,37.22,27.31,3152400
2010-10-12,37.13,37.5,37.0,37.36,27.41,3733900
2010-10-13,37.5,37.5,37.26,37.4,27.44,5772600
2010-10-14,37.4,37.58,37.31,37.42,27.46,4715900
2010-10-15,37.67,37.9,37.49,37.76,27.71,6742200
2010-10-18,37.91,38.08,37.67,38.06,27.93,10374700
2010-10-19,37.68,37.84,37.22,37.45,27.48,6696200
2010-10-20,35.53,36.15,35.45,36.01,26.42,18242000
2010-10-21,35.86,35.93,35.23,35.5,26.05,10773400
2010-10-22,35.55,35.73,35.25,35.4,25.98,6708900
2010-10-25,35.48,35.61,35.06,35.13,25.78,8500300
2010-10-26,35.04,35.19,34.82,34.9,25.61,7667800
2010-10-27,34.72,34.98,34.68,34.94,25.64,7163400
2010-10-28,34.98,35.26,34.86,35.15,25.79,6306900
2010-10-29,35.13,35.2,34.86,35.2,25.83,6326300
2010-11-01,35.26,35.36,34.88,35.04,25.71,6940900
2010-11-02,35.24,35.4,35.07,35.38,25.96,5843000
2010-11-03,35.42,35.58,35.16,35.57,26.1,4714800
2010-11-04,35.78,35.83,35.46,35.76,26.24,19563700
2010-11-05,35.82,35.93,35.51,35.72,26.21,19177000
2010-11-08,35.78,35.88,35.62,35.73,26.22,18223300
2010-11-09,35.82,35.87,35.65,35.77,26.25,6519300
2010-11-10,35.27,35.27,34.8,34.99,26.03,6763500
2010-11-11,34.87,35.27,34.84,34.95,26.0,5473000
2010-11-12,34.87,34.93,34.73,34.76,25.86,5527300
2010-11-15,34.76,34.89,34.47,34.63,25.76,5821300
2010-11-16,34.47,34.76,34.28,34.43,25.62,5934500
2010-11-17,34.44,34.68,34.32,34.4,25.59,4032200
2010-11-18,34.56,34.89,34.55,34.79,25.88,4699100
2010-11-19,34.8,34.81,34.46,34.5,25.67,5109800
2010-11-22,34.51,34.56,34.16,34.55,25.7,4272000
2010-11-23,34.35,34.36,34.07,34.08,25.36,5980400
2010-11-24,34.16,34.32,34.12,34.22,25.46,5834300
2010-11-26,34.18,34.18,34.0,34.07,25.35,2807800
2010-11-29,33.98,34.04,33.55,33.89,25.21,5126700
2010-11-30,33.7,33.89,33.52,33.66,25.04,6176200
2010-12-01,33.97,34.32,33.91,34.26,25.49,6252100
2010-12-02,34.33,34.5,34.16,34.25,25.48,8527100
2010-12-03,34.24,34.32,33.92,34.14,25.4,16305000
2010-12-06,34.06,34.19,33.96,33.97,25.27,4658500
2010-12-07,34.19,34.23,33.81,34.11,25.38,15330600
2010-12-08,34.17,34.48,34.05,34.31,25.53,4641600
2010-12-09,34.49,35.0,34.36,34.67,25.79,6603700
2010-12-10,34.93,35.08,34.79,34.98,26.02,5813300
2010-12-13,35.07,35.2,34.92,34.97,26.02,8563300
2010-12-14,35.1,35.2,34.93,35.09,26.11,10706900
2010-12-15,34.95,35.29,34.95,35.13,26.14,9004000
2010-12-16,35.1,35.25,34.9,35.18,26.17,4629000
2010-12-17,35.14,35.16,34.8,35.01,26.05,8493700
2010-12-20,35.05,35.26,34.98,35.04,26.07,4608400
2010-12-21,35.2,35.32,35.06,35.14,26.14,3793700
2010-12-22,35.14,35.24,34.96,35.2,26.19,2846700
2010-12-23,35.22,35.4,35.2,35.23,26.21,2913600
2010-12-27,35.13,35.22,34.99,35.07,26.09,2002800
2010-12-28,35.19,35.2,35.01,35.05,26.08,2617900
2010-12-29,35.09,35.37,35.05,35.15,26.15,3177400
2010-12-30,35.1,35.29,34.97,35.02,26.05,3176500
2010-12-31,34.96,35.17,34.88,35.04,26.07,2979600
2011-01-03,35.17,35.27,34.99,35.0,26.04,7491700
2011-01-04,35.02,35.1,34.95,35.03,26.06,7729300
2011-01-05,34.99,35.05,34.78,34.78,25.88,11609100
2011-01-06,34.84,35.0,34.8,34.94,25.99,6037400
2011-01-07,34.94,35.04,34.81,34.9,25.97,8366900
2011-01-10,34.8,34.9,34.47,34.49,25.66,8807700
2011-01-11,34.52,34.94,34.51,34.91,25.97,11646800
2011-01-12,35.06,35.1,34.83,35.03,26.06,11675100
2011-01-13,35.07,35.08,34.78,34.9,25.97,4218000
2011-01-14,34.88,35.01,34.63,34.91,25.97,4993000
2011-01-18,34.93,35.1,34.76,34.79,25.88,6273000
2011-01-19,34.7,34.85,34.6,34.65,25.78,6668300
2011-01-20,34.6,34.76,34.5,34.75,25.85,6900400
2011-01-21,34.93,34.98,34.76,34.76,25.86,5620200
2011-01-24,34.66,34.86,34.66,34.78,25.88,12259000
2011-01-25,34.79,34.85,34.55,34.73,25.84,6893300
2011-01-26,34.86,35.02,34.71,34.95,26.0,6617200
2011-01-27,35.01,35.61,34.97,35.47,26.39,9754600
2011-01-28,35.44,35.58,34.75,34.77,25.87,17586000
2011-01-31,34.84,34.92,34.72,34.77,25.87,5704100
2011-02-01,34.83,35.22,34.75,35.21,26.2,6232300
2011-02-02,35.18,35.51,35.09,35.42,26.35,6754000
2011-02-03,35.32,35.65,35.29,35.63,26.51,20017900
2011-02-04,35.67,35.67,35.39,35.53,26.43,19844100
2011-02-07,35.6,35.86,35.51,35.8,26.63,21207700
2011-02-08,35.87,35.92,35.75,35.84,26.66,7706300
2011-02-09,35.8,35.8,35.57,35.78,26.62,6415500
2011-02-10,35.69,35.84,35.53,35.62,26.5,7107900
2011-02-11,35.0,35.0,34.5,34.52,26.04,9101700
2011-02-14,34.57,34.65,34.49,34.56,26.07,7215100
2011-02-15,34.56,34.57,34.44,34.47,26.0,6143500
2011-02-16,34.48,34.67,34.35,34.66,26.15,5705000
2011-02-17,34.53,34.92,34.51,34.86,26.3,4189000
2011-02-18,34.8,34.86,34.54,34.6,26.1,7277800
2011-02-22,34.31,34.6,34.2,34.43,25.97,7829700
2011-02-23,34.37,34.45,34.01,34.04,25.68,5926600
2011-02-24,34.03,34.24,33.96,34.11,25.73,5576500
2011-02-25,34.13,34.17,34.0,34.09,25.72,5821400
2011-02-28,34.24,34.56,34.15,34.56,26.07,5853300
2011-03-01,34.5,34.75,34.25,34.26,25.84,4837800
2011-03-02,34.18,34.3,34.05,34.28,25.86,4869400
2011-03-03,34.04,34.67,34.01,34.39,25.94,7070700
2011-03-04,34.44,34.7,34.4,34.6,26.1,6903800
2011-03-07,34.61,34.78,34.5,34.66,26.15,7097800
2011-03-08,34.67,35.1,34.57,34.98,26.39,6907800
2011-03-09,34.91,35.18,34.86,35.09,26.47,4693100
2011-03-10,35.1,35.2,34.74,34.77,26.23,5660700
2011-03-11,34.89,35.0,34.7,34.86,26.3,5137800
2011-03-14,34.69,34.89,34.56,34.73,26.2,11484600
2011-03-15,34.16,34.35,34.0,34.1,25.72,7572000
2011-03-16,34.1,34.1,33.46,33.63,25.37,8771200
2011-03-17,33.86,34.28,33.86,34.13,25.75,16946300
2011-03-18,34.48,34.52,34.22,34.48,26.01,6271000
2011-03-21,34.75,34.75,34.37,34.38,25.94,4656600
2011-03-22,34.56,34.75,34.5,34.57,26.08,3995800
2011-03-23,34.48,34.52,34.17,34.36,25.92,3677300
2011-03-24,34.44,34.7,34.32,34.6,26.1,3466800
2011-03-25,34.59,34.71,34.45,34.48,26.01,4750700
2011-03-28,34.46,34.63,34.38,34.41,25.96,5009800
2011-03-29,34.38,34.71,34.33,34.68,26.16,4423200
2011-03-30,34.87,35.23,34.79,35.18,26.54,6180700
2011-03-31,35.26,35.42,35.16,35.17,26.53,5860800
2011-04-01,35.21,35.28,34.88,34.99,26.4,6385300
2011-04-04,35.12,35.18,34.97,35.03,26.43,5073200
2011-04-05,34.96,35.25,34.95,35.01,26.41,4158100
2011-04-06,35.09,35.8,35.09,35.72,26.95,10337600
2011-04-07,35.66,35.79,35.47,35.73,26.95,6786600
2011-04-08,35.85,35.85,35.58,35.69,26.92,6119100
2011-04-11,35.78,36.05,35.73,35.87,27.06,5675500
2011-04-12,35.76,36.04,35.72,35.84,27.04,3578300
2011-04-13,35.9,35.94,35.64,35.68,26.92,5063400
2011-04-14,35.61,35.9,35.45,35.75,26.97,9595100
2011-04-15,35.9,36.06,35.85,36.01,27.16,11458100
2011-04-18,35.69,35.84,35.37,35.62,26.87,11452500
2011-04-19,35.74,36.02,35.4,35.7,26.93,6311700
2011-04-20,35.99,36.14,35.91,36.13,27.26,7168900
2011-04-21,36.12,36.71,36.02,36.26,27.35,11597500
2011-04-25,36.24,36.28,36.09,36.23,27.33,3641800
2011-04-26,36.49,36.92,36.33,36.82,27.78,6795100
2011-04-27,36.79,37.29,36.78,37.23,28.08,7015400
2011-04-28,37.13,37.42,37.02,37.33,28.16,4427300
2011-04-29,37.31,37.46,36.98,37.01,27.92,6882500
2011-05-02,37.21,37.52,37.19,37.31,28.15,8642300
2011-05-03,37.43,38.64,37.31,38.09,28.73,15087400
2011-05-04,38.09,38.28,37.88,38.12,28.76,15479900
2011-05-05,38.04,38.33,37.94,38.19,28.81,13642200
2011-05-06,38.4,38.64,38.23,38.39,28.96,9031600
2011-05-09,38.45,38.71,38.3,38.55,29.08,7901900
2011-05-10,38.68,38.75,38.47,38.72,29.21,6419100
2011-05-11,38.2,38.69,38.11,38.28,29.25,11591500
2011-05-12,38.22,38.93,38.17,38.76,29.61,8522600
2011-05-13,38.77,39.04,38.7,38.95,29.76,7120700
2011-05-16,38.95,39.4,38.89,39.15,29.91,8632400
2011-05-17,38.97,39.21,38.87,39.13,29.9,5197600
2011-05-18,39.21,39.24,38.51,38.75,29.61,12087300
2011-05-19,38.84,38.88,38.5,38.71,29.58,7521700
2011-05-20,38.65,38.83,38.32,38.44,29.37,7899800
2011-05-23,38.12,38.5,37.99,38.4,29.34,7087500
2011-05-24,38.37,38.75,38.25,38.61,29.5,5281700
2011-05-25,38.35,38.51,38.13,38.31,29.27,7009800
2011-05-26,38.36,38.48,37.89,37.92,28.97,8494300
2011-05-27,37.91,38.05,37.63,37.85,28.92,6648300
2011-05-31,38.14,38.5,37.88,38.48,29.4,8168400
2011-06-01,38.3,38.48,37.92,37.94,28.99,6470400
2011-06-02,37.96,37.96,37.37,37.52,28.67,6794700
2011-06-03,37.26,37.35,37.01,37.05,28.31,7027500
2011-06-06,37.05,37.24,36.96,37.12,28.36,6607800
2011-06-07,37.37,37.71,37.24,37.26,28.47,5866000
2011-06-08,37.21,37.38,37.12,37.27,28.48,5483900
2011-06-09,37.25,37.86,37.22,37.72,28.82,6241900
2011-06-10,37.71,37.79,37.04,37.05,28.31,7572400
2011-06-13,37.16,37.39,37.09,37.22,28.44,6848900
2011-06-14,37.39,37.77,37.32,37.61,28.74,6506400
2011-06-15,37.47,37.74,37.13,37.2,28.42,6333500
2011-06-16,37.08,37.29,37.0,37.22,28.44,5911200
2011-06-17,37.42,37.75,37.25,37.33,28.52,7188400
2011-06-20,37.39,37.58,37.27,37.56,28.7,12416000
2011-06-21,37.65,37.9,37.6,37.77,28.86,4473000
2011-06-22,37.61,37.87,37.61,37.68,28.79,5631300
2011-06-23,37.5,37.61,36.8,37.19,28.41,8335800
2011-06-24,37.26,37.26,36.69,36.76,28.09,6158600
2011-06-27,36.87,37.03,36.6,36.83,28.14,4255600
2011-06-28,36.98,37.36,36.87,37.35,28.54,6028100
2011-06-29,37.53,37.53,37.14,37.27,28.48,5658100
2011-06-30,37.46,37.6,37.18,37.53,28.67,7044300
2011-07-01,37.48,37.68,37.27,37.67,28.78,8036800
2011-07-05,37.69,37.7,37.16,37.28,28.48,9685800
2011-07-06,37.16,37.75,37.16,37.66,28.77,6991700
2011-07-07,37.9,37.9,37.63,37.85,28.92,6109700
2011-07-08,37.65,37.81,37.4,37.71,28.81,4192500
2011-07-11,37.41,37.47,37.19,37.28,28.48,4080300
2011-07-12,37.18,37.89,37.15,37.49,28.64,6437800
2011-07-13,37.57,38.01,37.43,37.56,28.7,5672600
2011-07-14,37.49,38.59,37.49,38.41,29.35,13546700
2011-07-15,38.56,38.56,37.89,38.33,29.29,8511500
2011-07-18,38.24,38.37,37.85,38.05,29.07,6450200
2011-07-19,38.22,38.38,37.98,38.25,29.22,6826800
2011-07-20,38.25,38.44,38.05,38.17,29.16,5965200
2011-07-21,38.31,39.78,38.31,39.32,30.04,16441400
2011-07-22,39.2,39.25,38.62,38.7,29.57,7580900
2011-07-25,38.48,38.83,38.32,38.4,29.34,5358100
2011-07-26,38.46,38.63,38.39,38.46,29.38,5327300
2011-07-27,38.32,38.65,37.92,37.98,29.02,7074500
2011-07-28,38.09,38.45,37.95,38.0,29.03,20393200
2011-07-29,37.79,38.56,37.52,38.3,29.26,26942600
2011-08-01,38.91,38.91,37.45,37.97,29.01,19511900
2011-08-02,37.82,37.84,37.14,37.16,28.39,16525000
2011-08-03,37.13,37.47,36.67,37.31,28.51,8410600
2011-08-04,36.92,36.92,35.84,35.84,27.38,10905900
2011-08-05,36.04,36.72,35.32,36.24,27.69,15044700
2011-08-08,35.52,36.0,34.65,34.8,26.59,14778200
2011-08-09,35.15,35.67,33.75,35.64,27.23,29025000
2011-08-10,35.22,35.6,34.4,34.49,26.35,14628700
2011-08-11,33.98,35.66,33.82,35.3,27.36,13633500
2011-08-12,35.48,35.61,34.79,34.86,27.02,11800800
2011-08-15,35.27,35.85,35.11,35.77,27.72,11231800
2011-08-16,35.49,35.96,35.22,35.69,27.66,5977200
2011-08-17,35.77,36.13,35.38,35.73,27.69,6050800
2011-08-18,35.13,35.35,34.69,35.01,27.13,9590700
2011-08-19,34.66,35.39,34.66,35.01,27.13,7381800
2011-08-22,35.52,35.86,35.2,35.42,27.45,7740500
2011-08-23,35.54,35.95,35.28,35.92,27.84,11905400
2011-08-24,35.91,36.43,35.77,36.39,28.2,6038700
2011-08-25,36.45,36.45,35.54,35.89,27.82,6843700
2011-08-26,35.6,36.18,34.94,35.77,27.72,7599000
2011-08-29,36.03,36.99,36.01,36.99,28.67,6909600
2011-08-30,36.59,37.39,36.55,37.17,28.81,7756700
2011-08-31,37.38,37.68,37.18,37.51,29.07,8745900
2011-09-01,37.57,37.85,37.05,37.13,28.78,6322700
2011-09-02,36.57,36.92,36.36,36.44,28.24,7199400
2011-09-06,35.7,36.38,35.53,36.23,28.08,7619800
2011-09-07,36.6,36.99,36.46,36.94,28.63,6053200
2011-09-08,36.89,37.44,36.65,37.01,28.68,6645300
2011-09-09,36.99,37.1,35.98,36.13,28.0,9365100
2011-09-12,35.88,36.08,35.44,36.04,27.93,6807800
2011-09-13,36.0,36.78,35.9,36.7,28.44,7568400
2011-09-14,36.82,37.54,36.55,37.17,28.81,9023800
2011-09-15,37.61,37.61,36.93,37.44,29.02,8448500
2011-09-16,37.83,37.85,37.34,37.81,29.3,7975700
2011-09-19,37.27,37.66,37.07,37.52,29.08,5706700
2011-09-20,37.59,38.36,37.4,37.87,29.35,6242300
2011-09-21,37.94,38.21,37.1,37.11,28.76,7545200
2011-09-22,36.46,36.7,36.1,36.56,28.34,9340700
2011-09-23,36.4,36.55,35.75,36.07,27.96,11861900
2011-09-26,36.4,36.67,36.15,36.64,28.4,15018700
2011-09-27,37.19,37.65,36.93,37.18,28.82,7601600
2011-09-28,37.11,37.84,37.11,37.24,28.86,7820900
2011-09-29,37.67,38.0,36.82,37.25,28.87,13519500
2011-09-30,36.96,37.5,36.88,36.97,28.65,7368300
2011-10-03,37.02,37.61,36.33,36.33,28.16,10378700
2011-10-04,35.92,36.73,35.69,36.73,28.47,10299100
2011-10-05,36.78,37.12,36.44,37.03,28.7,6679600
2011-10-06,36.93,37.28,36.76,37.23,28.85,6733300
2011-10-07,37.54,38.25,37.37,37.92,29.39,9975800
2011-10-10,38.36,38.73,38.18,38.41,29.77,5480000
2011-10-11,38.17,38.26,37.69,37.7,29.22,8759200
2011-10-12,37.72,38.1,37.54,37.61,29.15,9029300
2011-10-13,37.9,38.14,37.43,38.0,29.45,5861000
2011-10-14,38.32,38.37,38.12,38.29,29.68,4710300
2011-10-17,38.13,38.38,37.89,37.97,29.43,6213000
2011-10-18,37.89,38.75,37.71,38.49,29.83,5550400
2011-10-19,38.67,38.98,38.45,38.7,29.99,6662100
2011-10-20,38.52,38.86,38.02,38.61,29.92,8612400
2011-10-21,38.45,38.75,37.74,38.07,29.51,11893400
2011-10-24,37.93,38.27,37.85,38.19,29.6,6443700
2011-10-25,38.06,38.2,37.33,37.42,29.0,6203700
2011-10-26,37.78,37.79,37.16,37.5,29.06,7208200
2011-10-27,38.41,38.43,37.74,37.87,29.35,9113900
2011-10-28,38.08,38.36,37.93,38.28,29.67,5430000
2011-10-31,37.95,38.15,37.15,37.16,28.8,10771300
2011-11-01,36.78,37.74,36.65,37.22,28.85,10497600
2011-11-02,37.62,37.71,37.25,37.48,29.05,5233400
2011-11-03,37.73,38.12,37.62,38.05,29.49,25756700
2011-11-04,37.97,37.98,37.6,37.94,29.41,25551000
2011-11-07,37.8,38.4,37.64,38.35,29.72,26566100
2011-11-08,38.39,39.04,38.14,38.99,30.22,6426000
2011-11-09,38.53,38.53,37.69,37.85,29.34,8454800
2011-11-10,37.71,37.81,37.18,37.23,29.23,8292800
2011-11-11,37.6,37.92,37.54,37.85,29.72,4408400
2011-11-14,37.62,37.77,37.44,37.65,29.56,3990900
2011-11-15,37.61,37.8,37.36,37.65,29.56,4423200
2011-11-16,37.48,37.48,36.8,36.83,28.92,6153000
2011-11-17,36.9,37.1,36.51,36.81,28.9,5687500
2011-11-18,37.0,37.04,36.65,36.89,28.97,5101600
2011-11-21,36.57,36.75,36.29,36.34,28.53,5887500
2011-11-22,36.36,36.41,36.0,36.14,28.38,5030800
2011-11-23,35.88,35.96,35.62,35.65,27.99,3866100
2011-11-25,35.56,35.69,35.46,35.58,27.94,2364200
2011-11-28,36.38,36.55,36.09,36.27,28.48,6754300
2011-11-29,36.53,36.56,36.0,36.14,28.38,5956200
2011-11-30,36.85,37.86,36.85,37.85,29.72,8610000
2011-12-01,37.71,37.92,37.56,37.64,29.56,6250200
2011-12-02,37.81,37.89,37.35,37.37,29.34,5497400
2011-12-05,37.68,37.77,37.3,37.41,29.37,6042200
2011-12-06,37.88,39.12,37.76,38.86,30.51,16567500
2011-12-07,39.27,40.13,39.13,39.43,30.96,16615300
2011-12-08,39.4,39.48,38.8,38.89,30.54,8934700
2011-12-09,39.33,39.5,39.09,39.27,30.84,6309400
2011-12-12,39.28,39.4,38.72,38.99,30.62,4764500
2011-12-13,39.05,40.24,39.05,39.65,31.13,11747800
2011-12-14,39.61,40.48,39.51,40.04,31.44,12965800
2011-12-15,40.43,41.37,40.34,41.22,32.37,13059100
2011-12-16,41.43,41.43,40.44,40.53,31.82,12555400
2011-12-19,40.79,41.43,40.61,40.74,31.99,6979300
2011-12-20,41.15,41.18,40.74,41.12,32.29,8060000
2011-12-21,41.18,41.57,41.1,41.57,32.64,5994000
2011-12-22,41.77,41.86,41.28,41.46,32.55,4904000
2011-12-23,41.61,41.71,41.27,41.64,32.7,6535300
2011-12-27,41.47,41.88,41.45,41.75,32.78,3094400
2011-12-28,41.77,41.85,41.22,41.3,32.43,3230700
2011-12-29,41.44,41.66,41.42,41.5,32.59,4186400
2011-12-30,41.49,41.92,41.47,41.56,32.63,4391600
2012-01-03,41.95,42.03,41.66,41.8,32.82,6905200
2012-01-04,41.85,41.85,40.67,40.71,31.97,10240800
2012-01-05,39.43,40.37,39.25,40.3,31.64,14691100
2012-01-06,39.97,40.21,39.81,39.88,31.31,6329600
2012-01-09,39.94,39.94,39.6,39.81,31.26,12353900
2012-01-10,40.11,40.55,40.07,40.33,31.67,6838800
2012-01-11,40.1,40.18,39.82,39.98,31.39,5085900
2012-01-12,39.98,40.26,39.98,40.18,31.55,4299500
2012-01-13,39.96,40.06,39.65,39.94,31.36,4420100
2012-01-17,40.16,40.4,40.0,40.03,31.43,5899600
2012-01-18,40.06,40.37,40.05,40.18,31.55,5173700
2012-01-19,40.28,40.39,40.07,40.17,31.54,7180500
2012-01-20,40.22,40.32,39.71,39.81,31.26,8713700
2012-01-23,39.85,39.87,39.19,39.4,30.94,9629000
2012-01-24,39.31,39.64,39.3,39.61,31.1,5868400
2012-01-25,39.55,39.97,39.22,39.89,31.32,5893300
2012-01-26,39.91,40.02,39.34,39.44,30.97,8690300
2012-01-27,39.49,39.5,39.01,39.2,30.78,6763100
2012-01-30,39.05,39.46,38.93,39.25,30.82,26016300
2012-01-31,39.82,39.84,39.35,39.74,31.2,13418400
2012-02-01,39.82,40.11,39.73,39.8,31.25,7765400
2012-02-02,39.93,40.0,39.25,39.6,31.09,6862800
2012-02-03,39.35,39.7,39.35,39.51,31.02,5911000
2012-02-06,39.58,39.73,39.39,39.65,31.13,7081300
2012-02-07,39.57,39.67,39.37,39.5,31.02,5838600
2012-02-08,39.48,39.85,39.41,39.78,31.24,7530400
2012-02-09,39.74,39.83,39.46,39.52,31.03,31139800
2012-02-10,39.41,39.42,39.1,39.31,30.87,6938600
2012-02-13,39.1,39.17,38.78,38.85,30.89,4656400
2012-02-14,38.6,38.71,38.3,38.49,30.6,5989700
2012-02-15,38.65,38.75,38.41,38.57,30.67,4462100
2012-02-16,38.57,38.74,38.41,38.72,30.79,3825300
2012-02-17,38.9,39.3,38.76,39.26,31.22,7182600
2012-02-21,39.4,39.4,38.71,38.75,30.81,6858500
2012-02-22,38.68,38.92,38.68,38.82,30.87,4360400
2012-02-23,38.72,38.88,38.62,38.79,30.84,3696800
2012-02-24,38.87,39.18,38.84,39.05,31.05,11409900
2012-02-27,39.04,39.36,38.81,39.18,31.15,5097000
2012-02-28,39.33,39.43,39.17,39.4,31.33,6218400
2012-02-29,39.44,39.5,39.2,39.24,31.2,4272500
2012-03-01,39.17,39.41,39.17,39.35,31.29,4590100
2012-03-02,39.38,39.6,39.3,39.48,31.39,5231700
2012-03-05,39.36,39.55,39.09,39.13,31.11,4875800
2012-03-06,39.2,39.32,38.56,38.64,30.72,5938400
2012-03-07,38.62,38.95,38.62,38.86,30.9,4043200
2012-03-08,38.97,39.28,38.97,39.19,31.16,4478000
2012-03-09,39.34,39.61,39.22,39.56,31.45,4906800
2012-03-12,39.6,39.82,39.56,39.8,31.65,4713200
2012-03-13,39.86,40.22,39.81,40.17,31.94,4835700
2012-03-14,40.16,40.45,40.15,40.26,32.01,4644300
2012-03-15,40.24,40.41,40.06,40.28,32.03,3802400
2012-03-16,40.3,40.44,39.95,40.2,31.96,9659000
2012-03-19,40.06,40.4,39.92,40.32,32.06,4278300
2012-03-20,40.18,40.29,39.9,40.02,31.82,4442500
2012-03-21,40.01,40.13,39.8,39.95,31.77,4671700
2012-03-22,39.57,39.85,39.47,39.81,31.65,3949400
2012-03-23,40.03,40.04,39.71,39.87,31.7,5203400
2012-03-26,39.98,40.4,39.97,40.27,32.02,5361100
2012-03-27,40.37,40.42,40.18,40.26,32.01,4183400
2012-03-28,40.32,40.37,39.87,40.31,32.05,4874800
2012-03-29,40.05,40.09,39.66,39.96,31.77,5311500
2012-03-30,40.06,40.36,39.95,40.27,32.02,4784300
2012-04-02,40.3,40.64,40.23,40.48,32.19,5233900
2012-04-03,40.48,40.59,40.13,40.32,32.06,3340400
2012-04-04,40.15,40.46,40.02,40.33,32.07,4175400
2012-04-05,40.13,40.5,40.1,40.48,32.19,4379400
2012-04-09,40.32,40.32,39.7,39.72,31.58,7599800
2012-04-10,39.61,39.92,39.42,39.42,31.34,6691900
2012-04-11,39.7,39.71,39.39,39.47,31.38,5141900
2012-04-12,39.55,39.62,39.34,39.58,31.47,6299800
2012-04-13,39.56,39.6,39.16,39.18,31.15,5438100
2012-04-16,39.28,39.7,39.27,39.6,31.49,10405800
2012-04-17,39.68,40.06,39.5,40.06,31.85,4826200
2012-04-18,39.9,40.04,39.69,39.7,31.57,6856700
2012-04-19,39.75,39.84,39.58,39.75,31.61,4995300
2012-04-20,39.69,40.06,39.68,39.91,31.73,7548300
2012-04-23,39.8,39.85,39.65,39.81,31.65,4348800
2012-04-24,39.89,40.0,39.67,39.96,31.77,4844700
2012-04-25,40.42,40.9,40.12,40.8,32.44,8205700
2012-04-26,40.78,41.0,40.6,40.88,32.5,4763200
2012-04-27,41.1,41.43,41.07,41.3,32.84,20040500
2012-04-30,41.13,41.52,41.13,41.39,32.91,23371700
2012-05-01,41.32,41.47,41.13,41.24,32.79,6352200
2012-05-02,41.16,41.49,41.13,41.48,32.98,4856600
2012-05-03,41.49,41.5,41.2,41.27,32.81,5050800
2012-05-04,41.2,41.4,41.0,41.28,32.82,7203900
2012-05-07,41.1,41.71,41.0,41.61,33.08,6084500
2012-05-08,41.59,41.66,41.42,41.62,33.09,7069500
2012-05-09,41.32,41.49,41.01,41.3,32.84,6102700
2012-05-10,41.47,41.82,41.36,41.75,33.2,6195200
2012-05-11,41.17,41.5,41.02,41.26,33.2,5000000
2012-05-14,41.05,41.26,40.79,40.93,32.93,6009900
2012-05-15,40.86,40.94,40.46,40.58,32.65,5660500
2012-05-16,40.65,40.85,40.54,40.75,32.79,4080800
2012-05-17,40.73,40.94,40.53,40.53,32.61,5824200
2012-05-18,40.61,40.83,40.34,40.44,32.54,8350600
2012-05-21,40.47,40.7,40.36,40.63,32.69,4955700
2012-05-22,40.66,41.16,40.51,41.0,32.99,9236300
2012-05-23,40.92,41.0,40.36,40.67,32.72,7941300
2012-05-24,40.71,41.16,40.64,41.16,33.12,5630300
2012-05-25,41.11,41.5,41.0,41.11,33.08,4076000
2012-05-29,41.24,41.55,41.21,41.3,33.23,4191100
2012-05-30,41.2,41.45,40.96,40.99,32.98,4578900
2012-05-31,41.08,41.26,40.78,40.95,32.95,6573800
2012-06-01,40.67,40.73,40.12,40.16,32.31,6387700
2012-06-04,40.11,40.33,39.93,40.15,32.3,6544300
2012-06-05,40.15,40.68,40.04,40.62,32.68,5447800
2012-06-06,40.72,41.01,40.59,41.01,33.0,10635500
2012-06-07,41.22,41.49,41.12,41.27,33.2,7191400
2012-06-08,41.25,41.75,41.2,41.53,33.41,7114100
2012-06-11,41.74,41.91,41.3,41.49,33.38,5598900
2012-06-12,41.57,41.67,41.31,41.64,33.5,4674100
2012-06-13,41.64,41.84,41.41,41.57,33.45,3553300
2012-06-14,41.6,41.99,41.5,41.81,33.64,5375600
2012-06-15,42.02,42.17,41.94,41.99,33.78,6396400
2012-06-18,41.78,42.09,41.78,42.04,33.82,3686600
2012-06-19,42.28,42.47,42.16,42.29,34.02,4149900
2012-06-20,42.24,42.27,41.89,42.04,33.82,3412600
2012-06-21,42.19,42.38,41.71,41.76,33.6,4243200
2012-06-22,41.96,42.13,41.82,42.07,33.85,4331800
2012-06-25,41.8,41.84,41.46,41.47,33.37,4376800
2012-06-26,41.43,41.75,41.43,41.57,33.45,4070600
2012-06-27,41.64,42.07,41.62,41.93,33.74,4267700
2012-06-28,41.96,42.13,41.41,42.1,33.87,5075000
2012-06-29,42.52,42.91,42.46,42.91,34.52,6136800
2012-07-02,43.06,43.22,42.87,42.99,34.59,4709200
2012-07-03,42.95,43.31,42.81,43.16,34.72,2294200
2012-07-05,43.05,43.06,42.8,42.85,34.48,3760200
2012-07-06,42.7,42.74,42.42,42.66,34.32,3244300
2012-07-09,42.64,42.99,42.64,42.95,34.56,3113600
2012-07-10,43.08,43.15,42.72,42.86,34.48,4142000
2012-07-11,42.66,42.91,42.52,42.8,34.44,4062700
2012-07-12,42.67,42.93,42.51,42.84,34.47,4075600
2012-07-13,42.92,43.5,42.73,43.26,34.81,4580100
2012-07-16,43.21,43.89,43.19,43.85,35.28,5779500
2012-07-17,44.08,44.27,43.8,43.96,35.37,11535500
2012-07-18,43.85,44.67,43.79,44.51,35.81,9138900
2012-07-19,44.52,44.6,44.39,44.4,35.72,4592100
2012-07-20,44.16,44.27,43.98,44.17,35.54,6506800
2012-07-23,43.89,43.98,43.59,43.83,35.26,4538100
2012-07-24,42.74,42.85,41.59,41.98,33.78,17930800
2012-07-25,43.27,43.58,42.58,43.12,34.69,12960200
2012-07-26,43.72,43.87,43.37,43.61,35.09,6966400
2012-07-27,44.0,44.53,43.99,44.37,35.7,7526500
2012-07-30,43.91,44.09,43.64,44.05,35.44,6791100
2012-07-31,44.08,44.41,43.99,44.03,35.42,7260000
2012-08-01,44.12,44.4,43.79,43.86,35.29,8163800
2012-08-02,43.68,43.94,43.16,43.32,34.85,6742000
2012-08-03,43.97,44.2,43.9,44.15,35.52,5380100
2012-08-06,44.12,44.13,43.71,43.71,35.17,3838700
2012-08-07,43.21,43.51,42.2,42.75,34.4,11700700
2012-08-08,42.75,43.0,42.61,42.85,34.48,5464700
2012-08-09,42.81,42.95,42.55,42.72,34.37,5164300
2012-08-10,42.74,43.69,42.56,43.6,35.08,11829200
2012-08-13,42.91,42.99,42.61,42.81,34.83,3928300
2012-08-14,42.99,43.02,42.66,42.73,34.77,3274600
2012-08-15,42.72,43.03,42.71,42.98,34.97,5168600
2012-08-16,42.96,43.02,42.64,42.75,34.79,3271500
2012-08-17,42.85,42.85,42.27,42.42,34.52,4521500
2012-08-20,42.42,42.42,42.21,42.34,34.45,3892400
2012-08-21,42.49,42.49,42.1,42.21,34.35,4195400
2012-08-22,42.17,42.38,42.12,42.17,34.31,4709000
2012-08-23,42.16,42.48,42.12,42.4,34.5,4589600
2012-08-24,44.81,45.01,43.36,43.86,35.69,48000900
2012-08-27,43.75,44.98,43.75,44.59,36.28,15116900
2012-08-28,44.63,45.45,44.21,44.71,36.38,13256500
2012-08-29,44.6,45.26,44.38,45.17,36.76,8328900
2012-08-30,45.0,45.0,44.63,44.9,36.54,5234500
2012-08-31,45.07,45.29,44.68,44.91,36.54,6397500
2012-09-04,44.97,45.41,44.71,45.29,36.85,6948400
2012-09-05,45.87,46.36,45.72,45.81,37.28,11305000
2012-09-06,45.98,46.86,45.98,46.81,38.09,8553600
2012-09-07,46.71,46.87,46.29,46.65,37.96,9900100
2012-09-10,46.74,46.85,46.52,46.52,37.85,4721800
2012-09-11,46.65,46.7,46.41,46.49,37.83,4263300
2012-09-12,46.48,46.86,46.46,46.55,37.88,3977600
2012-09-13,46.62,47.26,46.31,47.15,38.37,5501100
2012-09-14,47.01,47.01,46.51,46.72,38.02,6510400
2012-09-17,46.54,46.94,46.53,46.83,38.11,7230400
2012-09-18,46.52,47.07,46.52,46.91,38.17,4155500
2012-09-19,46.77,47.18,46.68,46.86,38.13,5176800
2012-09-20,46.77,47.1,46.75,47.02,38.26,4905700
2012-09-21,47.17,47.76,47.1,47.46,38.62,8368200
2012-09-24,47.5,47.63,47.16,47.4,38.57,4873400
2012-09-25,47.52,47.84,47.41,47.45,38.61,4395100
2012-09-26,47.45,47.7,46.84,47.2,38.41,4792400
2012-09-27,47.36,47.72,47.1,47.64,38.77,5020300
2012-09-28,47.37,47.52,47.0,47.41,38.58,5941800
2012-10-01,47.49,48.04,47.46,47.57,38.71,5301900
2012-10-02,47.81,48.14,47.79,47.94,39.01,4948300
2012-10-03,48.06,48.39,47.93,48.31,39.31,5763600
2012-10-04,48.46,48.95,48.42,48.76,39.68,7990400
2012-10-05,48.73,48.9,47.98,48.23,39.25,7089400
2012-10-08,48.05,50.94,47.76,50.78,41.32,28624000
2012-10-09,51.42,53.55,50.97,51.81,42.16,29784100
2012-10-10,51.72,51.87,50.08,50.23,40.87,11520300
2012-10-11,50.55,50.87,50.3,50.6,41.17,6467400
2012-10-12,50.07,50.74,50.0,50.45,41.05,6823400
2012-10-15,50.9,53.17,50.81,52.53,42.74,12886200
2012-10-16,52.84,53.88,52.8,53.66,43.66,11263700
2012-10-17,53.78,53.99,53.21,53.67,43.67,5918400
2012-10-18,53.46,53.86,53.03,53.81,43.79,7926300
2012-10-19,53.88,53.88,52.55,52.86,43.01,6781500
2012-10-22,53.38,53.47,51.93,52.28,42.54,9336600
2012-10-23,51.87,52.04,50.56,51.91,42.24,10998200
2012-10-24,49.98,51.57,49.73,50.5,41.09,14232600
2012-10-25,50.61,51.19,50.43,51.08,41.56,7109800
2012-10-26,50.96,51.0,50.13,50.21,40.86,6047600
2012-10-31,50.81,50.81,48.13,48.63,39.57,13386400
2012-11-01,48.89,49.69,48.16,49.1,39.95,8200800
2012-11-02,49.39,49.48,48.55,48.55,39.51,10584600
2012-11-05,48.37,48.9,48.31,48.78,39.69,4246100
2012-11-06,48.8,49.13,48.58,48.78,39.69,5705500
2012-11-07,48.51,49.01,47.54,48.18,39.2,9276000
2012-11-08,48.12,48.22,47.45,47.47,38.63,23062400
2012-11-09,47.14,48.0,47.14,47.47,38.63,15307500
2012-11-12,47.5,48.64,47.39,48.3,39.3,7293700
2012-11-13,47.66,47.96,47.12,47.14,38.75,7142600
2012-11-14,47.24,47.6,46.01,46.22,38.0,9323100
2012-11-15,46.17,46.41,44.88,45.96,37.78,6867700
2012-11-16,46.0,46.25,45.43,45.91,37.74,8915600
2012-11-19,46.3,47.07,46.15,47.03,38.66,8489500
2012-11-20,47.03,47.29,46.75,47.19,38.79,4547600
2012-11-21,47.33,47.44,46.96,47.42,38.98,3922900
2012-11-23,47.48,47.76,47.41,47.74,39.24,2254200
2012-11-26,47.35,47.93,46.89,47.93,39.4,7630800
2012-11-27,47.82,48.27,47.51,47.68,39.2,5380000
2012-11-28,47.63,48.05,47.25,48.04,39.49,3654200
2012-11-29,48.29,48.77,48.23,48.58,39.94,4395700
2012-11-30,48.61,49.15,48.39,49.04,40.31,6859200
2012-12-03,49.21,49.61,48.8,48.92,40.21,5651800
2012-12-04,48.91,49.47,48.85,49.22,40.46,5488200
2012-12-05,49.22,49.7,48.98,49.58,40.76,5268300
2012-12-06,49.63,49.65,49.25,49.4,40.61,5151100
2012-12-07,49.47,49.66,49.2,49.63,40.8,2972400
2012-12-10,49.61,50.31,49.2,50.12,41.2,4296900
2012-12-11,50.21,50.76,50.14,50.6,41.6,5401500
2012-12-12,49.25,50.0,48.81,49.0,40.28,18763400
2012-12-13,49.18,49.27,47.97,48.23,39.65,10167100
2012-12-14,48.05,48.09,47.61,47.79,39.29,6357400
2012-12-17,47.8,48.55,47.78,48.34,39.74,7445300
2012-12-18,48.57,49.54,48.35,49.52,40.71,13440200
2012-12-19,49.42,49.62,48.91,48.92,40.21,7036700
2012-12-20,48.89,49.35,48.71,49.25,40.49,6572200
2012-12-21,48.87,49.69,48.75,49.55,40.73,12842500
2012-12-24,49.46,49.46,48.8,49.04,40.31,2765100
2012-12-26,49.1,49.24,48.62,49.06,40.33,3680400
2012-12-27,48.98,49.39,48.52,48.97,40.26,4349100
2012-12-28,48.65,49.18,48.55,48.6,39.95,3646300
2012-12-31,48.5,49.35,48.38,49.32,40.54,5245200
2013-01-02,49.94,50.31,49.19,49.51,40.7,8352400
2013-01-03,49.52,49.85,49.21,49.72,40.87,7448100
2013-01-04,51.06,51.9,50.69,51.56,42.38,13587200
2013-01-07,51.31,51.9,51.01,51.49,42.33,6989100
2013-01-08,51.42,52.02,51.28,51.88,42.65,5246100
2013-01-09,52.19,53.06,52.0,52.97,43.54,7267200
2013-01-10,53.25,53.53,52.87,53.25,43.77,6324400
2013-01-11,53.36,53.4,52.96,53.11,43.66,5126500
2013-01-14,53.2,53.42,52.75,52.8,43.4,6286100
2013-01-15,52.66,53.36,52.65,53.29,43.81,5915600
2013-01-16,53.17,53.31,52.72,52.93,43.51,4467100
2013-01-17,52.61,53.47,52.52,53.33,43.84,4880800
2013-01-18,53.31,53.77,52.93,53.77,44.2,6557400
2013-01-22,53.72,53.77,53.12,53.44,43.93,6089100
2013-01-23,52.75,52.96,52.2,52.4,43.08,10413800
2013-01-24,52.6,53.26,52.6,53.16,43.7,6719100
2013-01-25,53.17,53.67,53.09,53.21,43.74,6028200
2013-01-28,53.12,53.25,52.46,52.64,43.27,8054100
2013-01-29,52.76,54.87,52.76,54.32,44.65,11003300
2013-01-30,54.23,54.78,53.99,54.15,44.51,6316700
2013-01-31,54.07,54.16,53.21,53.69,44.14,5121400
2013-02-01,53.55,54.48,53.55,54.2,44.55,4205500
2013-02-04,53.84,53.88,53.47,53.55,44.02,4968900
2013-02-05,53.76,54.39,53.76,54.1,44.47,3519900
2013-02-06,53.93,54.16,53.63,53.93,44.33,3575100
2013-02-07,53.85,53.92,53.22,53.78,44.21,5233900
2013-02-08,53.64,54.0,53.56,53.72,44.16,17142800
2013-02-11,53.56,54.06,53.48,53.9,44.31,18307300
2013-02-12,53.74,53.91,53.68,53.8,44.23,19666700
2013-02-13,53.4,53.45,53.26,53.44,44.33,4385000
2013-02-14,53.22,53.58,53.18,53.5,44.38,4276900
2013-02-15,53.5,54.0,53.5,53.59,44.46,5482800
2013-02-19,53.62,54.18,53.6,54.18,44.95,3981200
2013-02-20,54.16,54.68,54.1,54.29,45.04,4446300
2013-02-21,54.11,54.25,53.93,54.02,44.82,5512500
2013-02-22,54.07,54.27,53.53,54.27,45.02,5519000
2013-02-25,54.5,54.93,53.77,53.77,44.61,6361000
2013-02-26,54.08,54.52,53.72,54.43,45.16,4772100
2013-02-27,54.5,54.99,54.26,54.8,45.46,3972000
2013-02-28,54.68,54.98,54.58,54.66,45.35,5877500
2013-03-01,54.31,54.85,54.31,54.78,45.45,4592600
2013-03-04,54.66,54.91,54.53,54.76,45.43,4424200
2013-03-05,54.97,55.74,54.91,55.54,46.08,4866800
2013-03-06,55.58,55.67,54.92,55.08,45.69,6787700
2013-03-07,55.09,55.56,55.08,55.35,45.92,3602300
2013-03-08,55.5,55.59,54.97,55.16,45.76,4824800
2013-03-11,55.06,55.24,54.79,55.07,45.69,4766200
2013-03-12,55.06,55.43,54.95,55.08,45.69,3870600
2013-03-13,55.15,55.27,55.0,55.06,45.68,3623700
2013-03-14,55.46,55.65,54.81,55.07,45.69,5357000
2013-03-15,54.68,55.13,54.39,55.13,45.74,10614700
2013-03-18,54.63,54.95,54.54,54.66,45.35,3926500
2013-03-19,54.83,54.96,54.5,54.79,45.45,3337200
2013-03-20,55.05,55.45,55.02,55.3,45.88,3802800
2013-03-21,55.04,55.29,54.88,55.08,45.69,2702500
2013-03-22,55.25,55.68,55.13,55.57,46.1,2811100
2013-03-25,55.7,55.79,55.26,55.62,46.14,4675200
2013-03-26,55.9,56.68,55.78,56.29,46.7,5107900
2013-03-27,56.03,56.46,55.95,56.37,46.76,3417800
2013-03-28,56.51,56.94,56.32,56.79,47.11,4223200
2013-04-01,56.67,56.8,56.22,56.61,46.96,3668000
2013-04-02,56.63,57.14,56.29,56.5,46.87,4040300
2013-04-03,56.67,57.23,56.58,56.85,47.16,5563600
2013-04-04,56.85,57.28,56.56,56.93,47.23,3016200
2013-04-05,56.45,56.61,56.22,56.48,46.86,3001200
2013-04-08,56.45,56.82,55.88,56.82,47.14,3691900
2013-04-09,56.96,57.23,56.58,56.74,47.07,4145100
2013-04-10,57.22,57.68,57.21,57.59,47.78,3238000
2013-04-11,57.65,58.26,57.58,58.0,48.12,4048000
2013-04-12,57.77,58.34,57.36,57.51,47.71,4709100
2013-04-15,57.02,57.75,56.48,56.49,46.86,5645800
2013-04-16,56.8,57.33,56.54,57.18,47.44,4130500
2013-04-17,56.98,57.63,56.74,57.47,47.68,4147400
2013-04-18,57.48,57.51,56.17,56.29,46.7,4098600
2013-04-19,56.56,57.44,56.37,57.42,47.64,4892900
2013-04-22,57.46,57.63,56.99,57.58,47.77,2732900
2013-04-23,57.94,58.4,57.52,58.33,48.39,4014600
2013-04-24,57.91,58.33,56.02,56.05,46.5,6678800
2013-04-25,56.38,56.5,55.02,56.43,46.81,7431300
2013-04-26,56.45,56.75,56.28,56.46,46.84,3457300
2013-04-29,56.59,56.63,55.79,56.01,46.47,4852700
2013-04-30,55.9,55.9,55.16,55.38,45.94,4679000
2013-05-01,55.1,55.13,54.15,54.24,45.0,5789900
2013-05-02,54.32,54.83,54.15,54.7,45.38,4060900
2013-05-03,55.19,55.19,54.58,54.99,45.62,3407600
2013-05-06,55.02,55.16,54.3,54.47,45.19,4618300
2013-05-07,54.52,54.59,53.85,54.17,44.94,6318500
2013-05-08,54.23,54.78,54.16,54.52,45.23,5429000
2013-05-09,54.58,54.94,54.35,54.56,45.26,12817600
2013-05-10,53.97,54.82,53.88,54.82,45.48,15278800
2013-05-13,54.72,56.31,54.55,56.28,46.69,18982900
2013-05-14,55.81,56.18,55.71,55.87,46.76,4821500
2013-05-15,55.92,57.1,55.92,56.72,47.47,5386200
2013-05-16,56.56,56.56,55.82,55.94,46.82,3819900
2013-05-17,55.97,56.23,55.35,55.9,46.78,3762700
2013-05-20,55.9,55.94,54.88,55.02,46.05,4242600
2013-05-21,55.07,55.43,54.66,55.14,46.15,4220100
2013-05-22,55.26,56.06,54.66,54.92,45.96,4569300
2013-05-23,54.67,55.3,54.51,54.74,45.81,3953000
2013-05-24,54.5,54.5,53.89,54.14,45.31,4983600
2013-05-28,54.71,55.19,54.32,54.54,45.64,4344000
2013-05-29,54.24,54.36,53.44,53.75,44.98,4201600
2013-05-30,53.93,54.62,53.79,54.08,45.26,4393500
2013-05-31,53.92,54.06,53.15,53.16,44.49,4827100
2013-06-03,53.08,53.24,52.52,53.14,44.47,4173000
2013-06-04,53.14,53.42,52.22,52.5,43.94,4093300
2013-06-05,52.32,52.87,51.76,51.81,43.36,4540700
2013-06-06,51.89,52.43,51.34,52.09,43.59,4976800
2013-06-07,52.58,53.06,52.28,52.49,43.93,4367400
2013-06-10,52.7,52.83,52.15,52.64,44.05,4212600
2013-06-11,52.23,52.32,51.78,51.94,43.47,5268400
2013-06-12,52.31,52.61,51.76,51.78,43.33,3507000
2013-06-13,51.68,51.89,50.83,51.85,43.39,7099100
2013-06-14,51.47,52.28,51.39,52.05,43.56,6116300
2013-06-17,52.42,53.05,52.2,52.36,43.82,5134700
2013-06-18,52.47,52.72,51.69,52.35,43.81,5163600
2013-06-19,52.28,52.38,51.32,51.37,42.99,4578700
2013-06-20,50.96,50.96,49.21,49.41,41.35,7952200
2013-06-21,50.02,50.43,49.53,49.91,41.77,7198300
2013-06-24,49.31,49.6,48.68,49.06,41.06,5861800
2013-06-25,49.54,49.54,48.91,49.22,41.19,4041300
2013-06-26,49.66,49.9,49.22,49.79,41.67,6075500
2013-06-27,50.11,50.33,49.72,49.72,41.61,3657300
2013-06-28,49.62,49.86,49.05,49.12,41.11,8242900
2013-07-01,49.35,50.31,49.27,50.16,41.98,6987400
2013-07-02,50.08,50.93,50.07,50.5,42.26,5845400
2013-07-03,50.48,50.48,49.5,50.14,41.96,2671200
2013-07-05,50.59,50.82,49.97,50.58,42.33,2700400
2013-07-08,50.8,51.19,50.66,51.13,42.79,4376000
2013-07-09,51.41,51.81,51.16,51.79,43.34,4518800
2013-07-10,51.78,51.91,51.25,51.42,43.03,3865200
2013-07-11,52.06,52.06,51.43,51.54,43.13,3922600
2013-07-12,51.63,51.63,51.1,51.45,43.06,4066900
2013-07-15,51.41,51.72,51.17,51.54,43.13,2922300
2013-07-16,51.55,51.79,50.8,51.0,42.68,4029900
2013-07-17,51.2,51.24,50.61,50.67,42.41,4038000
2013-07-18,50.63,50.67,49.83,49.92,41.78,6040300
2013-07-19,49.93,50.61,49.46,50.6,42.35,7808800
2013-07-22,50.55,50.83,50.33,50.63,42.37,3362600
2013-07-23,50.77,51.06,50.56,50.99,42.67,3926400
2013-07-24,52.0,52.68,51.75,52.55,43.98,8955800
2013-07-25,52.41,52.64,51.88,52.59,44.01,4085400
2013-07-26,52.41,53.4,52.25,53.36,44.66,4349400
2013-07-29,53.23,53.83,53.15,53.56,44.82,4230700
2013-07-30,53.8,53.98,53.21,53.32,44.62,3594200
2013-07-31,53.36,53.65,52.93,53.11,44.45,4334500
2013-08-01,53.43,53.67,53.11,53.5,44.77,3297800
2013-08-02,53.47,53.92,53.22,53.88,45.09,3626300
2013-08-05,53.87,54.45,53.59,53.87,45.08,3794000
2013-08-06,53.9,54.19,53.23,53.32,44.62,4177300
2013-08-07,53.32,53.75,53.05,53.62,44.87,3377600
2013-08-08,53.88,53.92,53.22,53.57,44.83,17504400
2013-08-09,53.57,54.21,53.35,54.18,45.34,14719900
2013-08-12,53.86,54.09,53.58,54.05,45.23,17194000
2013-08-13,56.0,56.5,54.73,54.96,46.42,14253300
2013-08-14,54.96,55.1,54.01,54.2,45.77,5054300
2013-08-15,53.76,53.93,53.27,53.39,45.09,4509000
2013-08-16,53.17,53.32,52.79,52.86,44.64,5112300
2013-08-19,52.71,53.15,52.68,52.79,44.58,3372700
2013-08-20,52.79,53.08,52.73,52.8,44.59,2890900
2013-08-21,52.73,52.93,52.32,52.42,44.27,3969600
2013-08-22,52.4,52.77,52.31,52.46,44.3,2388600
2013-08-23,52.46,52.62,51.93,52.62,44.44,3249400
2013-08-26,52.7,52.77,52.04,52.05,43.96,4048600
2013-08-27,51.69,51.74,51.24,51.27,43.3,4527000
2013-08-28,51.19,51.75,51.0,51.47,43.47,3211800
2013-08-29,51.26,51.74,51.1,51.45,43.45,2305000
2013-08-30,51.46,51.62,51.17,51.4,43.41,3237300
2013-09-03,51.77,51.9,51.04,51.31,43.33,2641600
2013-09-04,51.36,52.4,51.28,52.18,44.07,4179500
2013-09-05,52.29,52.35,51.92,52.21,44.09,2424400
2013-09-06,52.22,52.73,51.69,52.41,44.26,2886500
2013-09-09,52.41,52.58,52.09,52.54,44.37,2324500
2013-09-10,52.89,53.13,52.53,52.87,44.65,3414600
2013-09-11,52.87,53.15,52.69,52.8,44.59,3943800
2013-09-12,52.9,53.22,52.76,52.91,44.68,3094200
2013-09-13,53.01,53.29,52.93,53.27,44.99,2784500
2013-09-16,53.77,53.84,53.43,53.64,45.3,2666100
2013-09-17,53.64,54.18,53.61,53.83,45.46,3782200
2013-09-18,53.87,54.25,53.22,54.16,45.74,3332500
2013-09-19,53.9,54.12,53.63,53.86,45.49,3410300
2013-09-20,54.04,54.18,53.72,53.93,45.55,5877800
2013-09-23,53.84,53.86,52.83,53.04,44.79,4571400
2013-09-24,52.99,53.09,52.33,52.43,44.28,5359100
2013-09-25,52.6,52.95,52.36,52.61,44.43,4167600
2013-09-26,51.2,51.95,50.15,51.04,43.11,14551200
2013-09-27,50.68,50.82,50.07,50.5,42.65,5866600
2013-09-30,50.3,50.66,50.21,50.33,42.51,4803500
2013-10-01,50.41,50.69,50.24,50.67,42.79,3978100
2013-10-02,50.45,50.67,50.22,50.54,42.68,3424800
2013-10-03,50.25,50.29,48.5,48.8,41.21,15000900
2013-10-04,48.86,48.86,48.01,48.38,40.86,10750400
2013-10-07,48.17,48.21,47.56,47.65,40.24,7826100
2013-10-08,47.75,48.36,47.53,48.05,40.58,10496100
2013-10-09,48.09,48.26,47.53,47.96,40.5,6925000
2013-10-10,48.82,49.16,48.51,49.15,41.51,6285000
2013-10-11,48.63,49.09,48.51,48.88,41.28,6571900
2013-10-14,48.63,49.05,48.47,49.03,41.41,5516000
2013-10-15,48.8,49.08,48.6,48.81,41.22,4968700
2013-10-16,48.94,49.01,48.51,48.91,41.31,7249600
2013-10-17,48.91,49.76,48.91,49.7,41.97,5555800
2013-10-18,49.97,50.01,49.28,49.56,41.86,7022700
2013-10-21,49.57,49.72,49.39,49.65,41.93,4469200
2013-10-22,49.72,50.37,49.53,50.15,42.35,5792100
2013-10-23,50.52,51.0,49.94,50.31,42.49,5754500
2013-10-24,50.82,51.0,50.36,50.55,42.69,5580400
2013-10-25,50.48,51.0,50.31,50.66,42.78,4546700
2013-10-28,50.7,51.14,50.6,50.88,42.97,4474700
2013-10-29,50.96,50.98,50.13,50.2,42.4,6986400
2013-10-30,50.24,50.27,48.97,49.21,41.56,8599400
2013-10-31,49.27,50.21,49.22,49.82,42.08,6757500
2013-11-01,49.91,50.43,49.81,50.38,42.55,5045400
2013-11-04,50.39,50.55,50.1,50.41,42.57,4322800
2013-11-05,50.28,50.69,50.21,50.37,42.54,3692700
2013-11-06,50.56,50.56,50.26,50.49,42.64,5477800
2013-11-07,50.55,50.62,49.97,50.01,42.24,18678300
2013-11-08,49.95,50.67,49.88,50.63,42.76,18998600
2013-11-11,49.73,50.32,49.51,50.28,42.46,8162900
2013-11-12,50.08,50.28,49.97,50.06,42.28,27846900
2013-11-13,49.28,50.67,49.27,50.55,43.11,8956300
2013-11-14,50.5,51.14,50.49,51.03,43.52,5480100
2013-11-15,50.87,51.13,50.84,51.01,43.51,5759000
2013-11-18,51.1,51.1,50.77,51.03,43.52,4024500
2013-11-19,50.94,51.09,50.78,50.94,43.45,3724800
2013-11-20,50.89,51.0,50.48,50.67,43.22,3711400
2013-11-21,50.71,50.82,50.29,50.49,43.06,4749300
2013-11-22,50.52,51.24,50.4,51.23,43.69,5165100
2013-11-25,51.39,51.62,51.22,51.34,43.79,4338300
2013-11-26,51.4,51.45,50.54,50.54,43.11,5851200
2013-11-27,50.31,50.65,50.2,50.36,42.95,3287300
2013-11-29,50.63,50.77,50.1,50.22,42.83,2142800
2013-12-02,50.3,50.49,49.87,50.24,42.85,3588300
2013-12-03,50.16,50.29,49.65,49.78,42.46,5035800
2013-12-04,49.79,50.03,49.53,49.87,42.53,4106300
2013-12-05,49.83,50.18,49.73,49.96,42.61,3716500
2013-12-06,50.34,50.68,50.25,50.63,43.18,3854200
2013-12-09,50.58,51.05,50.49,50.79,43.32,3804800
2013-12-10,50.86,50.88,50.32,50.49,43.06,4385600
2013-12-11,50.6,50.64,49.87,49.98,42.63,4610500
2013-12-12,49.8,49.95,49.14,49.23,41.99,5274400
2013-12-13,49.28,49.67,49.08,49.39,42.12,4286900
2013-12-16,49.61,49.94,49.17,49.19,41.95,4906900
2013-12-17,49.31,49.31,48.88,49.22,41.98,4110200
2013-12-18,49.24,50.58,49.13,50.51,43.08,6207900
2013-12-19,50.19,50.51,49.89,50.14,42.76,5356300
2013-12-20,50.22,50.93,49.99,50.2,42.82,6367100
2013-12-23,50.48,50.9,50.28,50.55,43.11,4574300
2013-12-24,50.58,50.9,50.51,50.74,43.28,1359500
2013-12-26,50.76,51.25,50.62,50.99,43.49,2440000
2013-12-27,51.1,51.38,50.91,51.25,43.71,2265000
2013-12-30,51.15,51.22,50.63,51.17,43.64,3309200
2013-12-31,51.19,51.26,50.85,51.0,43.5,2928600
2014-01-02,50.97,51.09,50.56,50.73,43.27,3175900
2014-01-03,50.78,51.2,50.67,51.1,43.58,4006300
2014-01-06,51.18,51.94,51.17,51.53,43.95,7898300
2014-01-07,51.53,52.08,51.15,51.19,43.66,7359200
2014-01-08,50.83,51.15,50.52,51.11,43.59,7517100
2014-01-09,51.24,51.74,51.19,51.68,44.08,6351700
2014-01-10,51.49,52.11,51.25,51.93,44.29,5399100
2014-01-13,52.03,52.52,51.91,52.07,44.41,5406300
2014-01-14,52.14,52.55,51.87,52.44,44.73,4994500
2014-01-15,52.65,53.58,52.42,53.41,45.55,8427400
2014-01-16,53.59,55.64,53.59,55.3,47.17,12158200
2014-01-17,55.35,55.45,54.86,55.16,47.05,7850900
2014-01-21,55.35,55.79,54.89,55.59,47.41,5624400
2014-01-22,55.74,55.78,55.27,55.6,47.42,3342300
2014-01-23,55.38,55.38,54.62,55.15,47.04,5130300
2014-01-24,54.71,54.98,54.0,54.12,46.16,5943500
2014-01-27,54.22,54.67,53.81,54.13,46.17,6378300
2014-01-28,54.26,54.53,53.86,54.23,46.25,5771200
2014-01-29,54.19,54.22,53.57,53.91,45.98,7314000
2014-01-30,54.09,54.56,53.03,53.27,45.43,7277600
2014-01-31,53.12,54.06,52.87,54.01,46.06,8214700
2014-02-03,54.11,54.38,52.51,52.66,44.91,6997800
2014-02-04,52.85,53.2,52.4,53.1,45.29,6001900
2014-02-05,53.06,53.48,52.46,52.72,44.96,4467300
2014-02-06,52.92,52.98,52.45,52.72,44.96,4494400
2014-02-07,52.81,53.55,52.75,53.21,45.38,4488800
2014-02-10,52.75,53.99,52.29,53.97,46.03,4220500
2014-02-11,53.82,54.63,53.66,54.51,46.49,5869500
2014-02-12,54.15,54.15,53.12,53.32,45.89,6049500
2014-02-13,53.04,53.7,52.89,53.48,46.03,3769200
2014-02-14,53.41,54.37,53.33,54.2,46.65,3970200
2014-02-18,54.14,55.34,54.03,55.25,47.55,6844600
2014-02-19,57.3,58.2,56.55,58.09,49.99,16112300
2014-02-20,57.85,58.52,57.4,58.05,49.96,8991600
2014-02-21,58.1,58.76,57.77,57.96,49.88,6617300
2014-02-24,58.1,58.9,57.89,58.03,49.94,4142200
2014-02-25,57.99,58.84,57.93,58.48,50.33,5463600
2014-02-26,58.47,58.89,58.38,58.66,50.48,4598500
2014-02-27,58.55,59.65,58.45,59.54,51.24,5659200
2014-02-28,59.53,60.12,59.33,59.61,51.3,5882500
2014-03-03,58.95,59.5,58.81,59.03,50.8,4088000
2014-03-04,59.55,60.1,59.55,59.85,51.51,5599100
2014-03-05,59.94,59.97,59.22,59.43,51.15,3539300
2014-03-06,59.45,59.92,58.69,58.72,50.54,5075100
2014-03-07,58.89,59.08,58.15,58.59,50.42,4288600
2014-03-10,58.51,58.92,58.2,58.9,50.69,3978100
2014-03-11,58.92,59.02,58.32,58.43,50.29,3438800
2014-03-12,58.16,59.21,58.12,59.2,50.95,4546500
2014-03-13,59.24,59.33,58.23,58.34,50.21,4103700
2014-03-14,58.31,58.98,58.23,58.87,50.67,4201800
2014-03-17,59.12,59.29,58.65,58.87,50.67,3016200
2014-03-18,58.91,59.7,58.81,59.4,51.12,4082800
2014-03-19,59.35,59.74,58.63,59.05,50.82,2865900
2014-03-20,58.88,58.89,58.3,58.57,50.41,3546400
2014-03-21,58.88,59.75,57.76,57.78,49.73,7410400
2014-03-24,57.78,57.99,56.81,57.4,49.4,5910900
2014-03-25,57.45,57.84,56.94,57.21,49.24,6410000
2014-03-26,57.39,58.3,57.24,57.48,49.47,6628500
2014-03-27,57.5,58.12,57.17,57.53,49.51,5472500
2014-03-28,57.67,58.47,57.4,57.61,49.58,3117500
2014-03-31,57.94,59.13,57.81,58.86,50.66,5098900
2014-04-01,59.13,59.91,58.51,58.82,50.62,6344300
2014-04-02,59.17,59.28,58.75,59.15,50.91,3881400
2014-04-03,59.83,60.18,58.75,58.97,50.75,5446800
2014-04-04,59.22,59.96,58.93,59.01,50.79,5177900
2014-04-07,59.26,60.08,58.58,58.62,50.45,5522400
2014-04-08,58.0,58.93,57.6,58.58,50.42,6169800
2014-04-09,58.7,60.46,58.66,60.43,52.01,6638600
2014-04-10,60.4,60.4,58.53,58.66,50.48,5514500
2014-04-11,58.38,58.89,58.03,58.45,50.3,5351000
2014-04-14,58.92,59.65,58.3,58.95,50.73,3675600
2014-04-15,59.19,59.69,58.28,59.42,51.14,4526200
2014-04-16,59.4,60.0,59.35,59.96,51.6,5321800
2014-04-17,59.73,60.45,59.62,60.43,52.01,4743000
2014-04-21,60.44,60.89,59.95,60.86,52.38,3343000
2014-04-22,60.97,61.15,59.97,60.03,51.66,6270800
2014-04-23,59.67,60.01,59.23,59.56,51.26,6555400
2014-04-24,58.31,59.18,57.35,58.68,50.5,7854500
2014-04-25,58.7,59.13,58.28,58.5,50.35,4260400
2014-04-28,59.67,59.67,58.16,58.97,50.75,4930700
2014-04-29,59.2,59.67,59.12,59.62,51.31,5110900
2014-04-30,59.5,59.58,58.66,59.1,50.86,5198100
2014-05-01,59.18,59.71,58.79,59.52,51.22,4173400
2014-05-02,59.36,59.63,58.75,59.08,50.85,4122500
2014-05-05,58.77,58.97,58.04,58.88,50.67,3805900
2014-05-06,58.74,59.6,58.45,58.56,50.4,4185900
2014-05-07,58.68,59.17,58.05,59.15,50.91,5453300
2014-05-08,59.08,59.51,58.79,59.5,51.21,11023900
2014-05-09,59.44,59.5,58.43,59.36,51.09,5098400
2014-05-12,59.96,60.05,59.06,59.42,51.14,4982700
2014-05-13,59.04,60.35,58.76,60.04,52.1,6843500
2014-05-14,60.05,60.49,60.0,60.1,52.15,4050200
2014-05-15,59.6,59.81,58.01,58.21,50.51,9782900
2014-05-16,57.98,58.5,57.81,58.34,50.63,8677100
2014-05-19,58.28,58.76,58.22,58.65,50.9,3564300
2014-05-20,58.65,58.87,58.34,58.66,50.9,3952800
2014-05-21,58.76,59.1,58.65,59.07,51.26,3020700
2014-05-22,59.13,59.86,58.7,59.72,51.82,3782400
2014-05-23,59.63,59.86,59.4,59.8,51.89,2624600
2014-05-27,60.0,60.01,59.44,59.73,51.83,4006600
2014-05-28,60.23,60.25,59.7,59.7,51.81,2604600
2014-05-29,59.91,60.0,59.36,59.47,51.61,3362100
2014-05-30,59.38,60.1,59.3,59.86,51.95,4803000
2014-06-02,59.75,59.86,58.85,59.49,51.62,3405700
2014-06-03,59.31,59.63,59.11,59.35,51.5,2798200
2014-06-04,59.18,59.45,58.99,59.22,51.39,2997400
2014-06-05,59.28,59.76,59.07,59.58,51.7,2753800
2014-06-06,59.85,59.85,59.38,59.63,51.75,2551300
2014-06-09,59.57,59.76,59.19,59.74,51.84,2570100
2014-06-10,59.82,59.82,59.09,59.75,51.85,2988000
2014-06-11,59.25,59.84,59.21,59.47,51.61,2977400
2014-06-12,59.27,59.5,58.71,58.88,51.1,3937400
2014-06-13,59.95,59.95,58.84,58.9,51.11,2881200
2014-06-16,58.94,59.17,58.5,58.83,51.05,3209200
2014-06-17,58.76,59.33,58.63,59.25,51.42,2805700
2014-06-18,59.37,60.0,59.06,59.99,52.06,3211600
2014-06-19,60.05,60.2,59.65,59.85,51.94,2431300
2014-06-20,60.67,62.14,60.29,62.03,53.83,11960600
2014-06-23,62.08,62.4,61.72,62.07,53.86,5103400
2014-06-24,61.99,62.4,61.59,61.89,53.71,3809500
2014-06-25,61.97,63.1,61.97,63.0,54.67,6416500
2014-06-26,62.84,63.1,62.44,63.04,54.71,3663000
2014-06-27,62.97,63.26,62.69,63.1,54.76,4643700
2014-06-30,63.34,63.38,62.06,62.17,53.95,4879100
2014-07-01,62.63,62.85,62.0,62.5,54.24,4109000
2014-07-02,62.45,63.08,62.12,62.7,54.41,3941000
2014-07-03,62.9,63.1,62.44,63.06,54.72,2709100
2014-07-07,62.83,63.23,62.32,62.61,54.33,2627300
2014-07-08,62.49,62.54,61.87,62.46,54.2,3449400
2014-07-09,62.53,62.71,62.27,62.62,54.34,2748600
2014-07-10,62.13,62.71,62.0,62.53,54.26,2619200
2014-07-11,62.44,62.95,62.27,62.84,54.53,2400700
2014-07-14,63.0,63.29,62.71,63.01,54.68,2436600
2014-07-15,63.0,63.12,62.73,62.86,54.55,3854400
2014-07-16,63.05,63.17,62.07,62.81,54.51,3885700
2014-07-17,62.36,62.87,62.14,62.26,54.03,3424700
2014-07-18,62.48,63.5,62.32,63.47,55.08,3281400
2014-07-21,63.0,63.69,62.75,63.64,55.23,3479400
2014-07-22,63.82,64.15,63.44,63.72,55.3,3101800
2014-07-23,63.93,64.44,63.8,64.25,55.76,5559900
2014-07-24,64.1,65.7,63.8,64.37,55.86,5090200
2014-07-25,64.02,64.1,63.49,63.78,55.35,2987400
2014-07-28,63.78,64.8,62.87,63.39,55.01,3956600
2014-07-29,63.7,63.81,62.61,62.77,54.47,5287400
2014-07-30,63.14,63.18,62.27,62.62,54.34,3974000
2014-07-31,61.97,62.45,60.94,61.06,52.99,5485600
2014-08-01,61.01,61.06,60.19,60.68,52.66,6884700
2014-08-04,61.0,61.69,60.75,61.63,53.48,4379100
2014-08-05,61.5,61.7,60.74,60.87,52.82,3389600
2014-08-06,60.91,61.42,60.71,61.11,53.03,2682800
2014-08-07,61.4,61.42,60.14,60.35,52.37,2352400
2014-08-08,60.48,61.04,60.34,60.98,52.92,2665400
2014-08-11,61.35,61.87,61.06,61.08,53.0,2850400
2014-08-12,61.07,61.46,61.0,61.37,53.26,3481500
2014-08-13,61.24,61.49,60.46,60.59,53.0,4136900
2014-08-14,60.78,61.22,60.78,61.19,53.53,1801600
2014-08-15,61.33,61.46,60.5,60.84,53.22,3075600
2014-08-18,61.18,61.45,61.07,61.35,53.67,2198300
2014-08-19,61.89,62.36,61.32,62.16,54.38,3523200
2014-08-20,61.94,62.24,61.67,62.01,54.24,2082200
2014-08-21,62.37,62.44,61.91,62.03,54.26,2846000
2014-08-22,62.01,62.81,61.9,62.32,54.52,3147200
2014-08-25,62.43,63.13,62.19,62.73,54.87,2078700
2014-08-26,62.71,63.02,62.62,62.81,54.94,1927700
2014-08-27,63.19,63.29,62.8,63.0,55.11,3082100
2014-08-28,62.81,63.27,62.54,63.11,55.21,2162000
2014-08-29,63.37,63.59,62.97,63.56,55.6,3388300
2014-09-02,63.6,63.87,63.48,63.68,55.71,3470600
2014-09-03,63.91,64.16,63.75,64.15,56.12,4701200
2014-09-04,64.12,64.37,64.0,64.22,56.18,5792000
2014-09-05,64.11,64.82,63.97,64.72,56.62,5457200
2014-09-08,64.62,65.25,64.59,65.0,56.86,4264100
2014-09-09,64.73,64.83,64.1,64.44,56.37,4745800
2014-09-10,64.84,64.96,64.33,64.78,56.67,3893000
2014-09-11,64.65,65.19,64.56,65.18,57.02,3577000
2014-09-12,65.25,65.54,65.0,65.27,57.1,5376800
2014-09-15,65.14,65.24,64.79,65.19,57.03,2720900
2014-09-16,65.25,65.91,64.9,65.8,57.56,2867100
2014-09-17,65.77,66.18,65.66,65.91,57.66,5096200
2014-09-18,66.08,66.66,66.04,66.59,58.25,4326900
2014-09-19,66.99,67.14,66.4,66.53,58.2,6504900
2014-09-22,66.32,66.36,65.75,66.08,57.8,3981700
2014-09-23,65.65,66.12,65.5,65.95,57.69,2718900
2014-09-24,66.32,66.55,66.08,66.19,57.9,3273600
2014-09-25,65.97,66.14,65.5,65.58,57.37,3122600
2014-09-26,65.8,65.8,64.99,65.48,57.28,2925400
2014-09-29,65.06,65.45,64.83,65.34,57.16,3520600
2014-09-30,65.43,65.57,64.83,64.85,56.73,4945700
2014-10-01,65.88,65.88,64.7,65.08,56.93,4246900
2014-10-02,65.09,65.15,64.38,64.83,56.71,4306900
2014-10-03,65.22,65.76,65.12,65.67,57.45,3609800
2014-10-06,65.93,65.97,65.39,65.62,57.4,3428800
2014-10-07,65.13,65.19,64.1,64.22,56.18,6157400
2014-10-08,63.85,65.26,63.4,65.24,57.07,3411200
2014-10-09,64.94,65.38,64.29,64.3,56.25,3632100
2014-10-10,64.02,65.11,63.83,64.15,56.12,3281200
2014-10-13,64.06,64.52,63.23,63.28,55.36,4030300
2014-10-14,63.75,63.94,62.77,63.14,55.23,4432900
2014-10-15,61.91,63.14,60.58,62.87,55.0,6814100
2014-10-16,62.02,62.55,61.1,61.9,54.15,5488400
2014-10-17,62.45,62.81,61.9,62.58,54.74,5329400
2014-10-20,62.63,63.1,62.4,63.1,55.2,2900700
2014-10-21,63.41,64.75,63.41,64.68,56.58,3478200
2014-10-22,64.59,65.3,64.58,64.68,56.58,4294500
2014-10-23,64.27,65.2,63.78,64.35,56.29,6343000
2014-10-24,64.58,66.24,64.4,66.05,57.78,4784700
2014-10-27,65.94,66.62,65.79,66.2,57.91,4112500
2014-10-28,66.0,66.1,63.74,64.83,56.71,8981000
2014-10-29,65.0,65.97,64.78,65.49,57.29,6196800
2014-10-30,65.4,66.98,65.31,66.8,58.43,4134900
2014-10-31,67.3,67.43,65.91,66.33,58.02,4471900
2014-11-03,66.05,66.66,66.03,66.54,58.21,3465400
2014-11-04,66.88,67.23,66.45,67.17,58.76,4057800
2014-11-05,67.42,67.61,66.76,66.99,58.6,3073900
2014-11-06,67.03,67.23,66.65,66.96,58.57,3091800
2014-11-07,66.82,66.93,66.25,66.6,58.26,3796800
2014-11-10,66.82,68.42,66.42,68.35,59.79,4438100
2014-11-11,68.35,68.67,67.81,67.85,59.35,5282300
2014-11-12,67.35,67.85,67.02,67.4,59.39,4499400
2014-11-13,67.68,68.16,67.41,67.68,59.64,3292700
2014-11-14,67.68,67.72,67.12,67.33,59.33,2333300
2014-11-17,67.07,67.35,66.94,67.29,59.29,3309300
2014-11-18,67.19,68.0,67.01,67.78,59.72,3705400
2014-11-19,67.66,67.66,66.91,67.21,59.22,3126000
2014-11-20,66.96,67.08,66.56,66.8,58.86,2467600
2014-11-21,67.45,67.5,67.03,67.36,59.35,5892000
2014-11-24,67.61,67.67,66.85,66.93,58.97,4574100
2014-11-25,66.86,67.22,66.75,66.85,58.9,4380000
2014-11-26,67.03,67.39,66.89,67.32,59.32,2372900
2014-11-28,67.73,68.55,67.6,68.12,60.02,2237800
2014-12-01,67.97,68.77,67.6,68.51,60.37,4669500
2014-12-02,68.63,70.77,68.59,70.38,62.01,8413400
2014-12-03,70.28,71.16,70.0,71.13,62.68,6423400
2014-12-04,70.98,72.44,70.84,72.38,63.78,6516600
2014-12-05,72.09,72.21,71.68,71.85,63.31,5787500
2014-12-08,71.97,72.86,71.82,72.83,64.17,4915100
2014-12-09,72.18,72.26,71.53,72.21,63.63,3794600
2014-12-10,71.9,72.2,71.0,71.05,62.6,4117600
2014-12-11,73.63,75.1,71.54,71.61,63.1,10901500
2014-12-12,71.46,71.65,69.47,69.55,61.28,7844400
2014-12-15,69.68,70.72,69.42,69.67,61.39,5718800
2014-12-16,69.39,71.35,69.03,69.26,61.03,4916700
2014-12-17,69.56,70.7,69.23,70.28,61.93,5506500
2014-12-18,71.2,72.48,70.91,72.45,63.84,5875600
2014-12-19,72.24,72.66,71.33,72.4,63.79,8311300
2014-12-22,70.94,71.59,70.25,71.42,62.93,4622900
2014-12-23,71.67,71.73,69.01,69.74,61.45,4768100
2014-12-24,70.04,70.71,70.04,70.16,61.82,1507000
2014-12-26,70.29,70.99,70.26,70.39,62.02,1438200
2014-12-29,69.92,70.39,69.89,70.1,61.77,1739600
2014-12-30,69.88,70.16,69.44,69.64,61.36,2726100
2014-12-31,69.94,70.5,68.93,68.99,60.79,2491000
2015-01-02,69.77,70.82,69.72,70.06,61.73,3146200
2015-01-05,69.73,70.09,69.15,69.37,61.12,4845500
2015-01-06,69.92,70.91,69.2,69.72,61.43,5127400
2015-01-07,70.03,70.53,68.45,69.23,61.0,9043000
2015-01-08,70.0,71.49,69.66,70.87,62.45,7472200
2015-01-09,70.03,70.11,69.01,69.93,61.62,8141700
2015-01-12,70.22,70.61,69.28,69.42,61.17,5797600
2015-01-13,70.07,70.8,68.81,69.38,61.13,3364800
2015-01-14,68.77,69.88,68.71,69.76,61.47,3376100
2015-01-15,70.44,71.27,69.73,69.74,61.45,4055000
2015-01-16,69.59,70.88,69.44,70.68,62.28,4263300
2015-01-20,70.87,72.1,70.87,72.03,63.47,6163300
2015-01-21,71.62,72.5,71.11,72.24,63.65,5195900
2015-01-22,72.69,72.69,71.64,72.46,63.85,4582800
2015-01-23,72.46,72.86,72.05,72.13,63.56,2903200
2015-01-26,71.86,72.17,71.06,72.11,63.54,3466600
2015-01-27,71.76,72.14,71.45,71.73,63.2,3661600
2015-01-28,72.11,72.38,70.76,70.97,62.53,3105200
2015-01-29,70.97,72.16,70.42,72.11,63.54,4416600
2015-01-30,73.02,73.47,71.58,72.0,63.44,6720100
2015-02-02,71.87,72.0,70.23,71.69,63.17,6274500
2015-02-03,71.59,71.64,69.85,70.89,62.46,6811500
2015-02-04,70.23,70.49,69.77,70.22,61.87,5376400
2015-02-05,70.7,71.57,70.68,71.41,62.92,3847000
2015-02-06,71.16,71.39,70.24,70.36,62.0,3246000
2015-02-09,70.0,70.26,69.38,69.61,61.34,3771200
2015-02-10,70.11,70.56,69.89,70.5,62.12,6888000
2015-02-11,70.0,70.62,69.7,69.95,62.08,3456400
2015-02-12,70.19,70.55,69.83,70.53,62.59,3383500
2015-02-13,70.69,70.89,70.19,70.56,62.62,2691900
2015-02-17,70.41,71.63,70.3,71.56,63.5,3971600
2015-02-18,71.41,71.45,70.2,71.01,63.02,3800000
2015-02-19,70.83,71.29,70.77,71.12,63.11,2337000
2015-02-20,70.97,71.96,70.27,71.88,63.79,3461700
2015-02-23,71.81,71.92,70.71,71.09,63.09,3378600
2015-02-24,71.0,71.5,70.51,70.9,62.92,3158600
2015-02-25,70.87,70.87,70.05,70.36,62.44,3029500
2015-02-26,70.17,70.31,69.54,70.03,62.15,4544900
2015-02-27,69.95,70.5,69.91,70.17,62.27,3353200
2015-03-02,70.17,71.14,70.16,71.12,63.11,3815100
2015-03-03,71.12,71.15,70.09,70.37,62.45,4137300
2015-03-04,70.01,70.82,69.81,70.65,62.7,3005100
2015-03-05,70.74,71.09,70.4,70.59,62.64,3465900
2015-03-06,70.26,70.26,68.31,68.41,60.71,5880800
2015-03-09,68.74,69.74,68.42,69.58,61.75,5848000
2015-03-10,69.12,69.43,68.55,68.78,61.04,3664900
2015-03-11,68.89,69.33,68.41,68.46,60.75,3424500
2015-03-12,68.75,69.63,68.54,69.56,61.73,2724000
2015-03-13,69.41,70.05,69.14,69.89,62.02,3223800
2015-03-16,70.27,71.4,70.18,71.07,63.07,3922300
2015-03-17,70.71,71.26,70.33,70.84,62.87,2572500
2015-03-18,70.9,74.17,70.69,73.54,65.26,6436200
2015-03-19,73.26,74.58,72.59,74.22,65.86,7051200
2015-03-20,75.22,76.2,74.54,76.12,67.55,10713900
2015-03-23,76.02,77.46,75.95,76.36,67.76,6284400
2015-03-24,76.27,76.7,75.36,75.56,67.05,5111600
2015-03-25,75.66,76.48,74.36,74.36,65.99,5431600
2015-03-26,74.0,74.35,73.42,73.44,65.17,4023500
2015-03-27,73.62,73.99,73.2,73.58,65.3,4171600
2015-03-30,74.0,74.2,73.67,73.87,65.55,3370700
2015-03-31,73.35,73.98,72.65,72.65,64.47,4348000
2015-04-01,72.92,72.97,71.07,71.53,63.48,5875800
2015-04-02,71.46,71.78,70.53,71.24,63.22,3781800
2015-04-06,71.13,71.71,70.84,71.31,63.28,3936900
2015-04-07,71.25,72.08,71.18,71.7,63.63,3128100
2015-04-08,71.92,72.28,71.54,72.15,64.03,3215400
2015-04-09,72.22,72.56,71.9,72.36,64.21,2595800
2015-04-10,72.5,73.98,72.25,73.92,65.6,3956400
2015-04-13,73.28,73.64,73.11,73.52,65.24,4351500
2015-04-14,73.3,73.75,73.1,73.46,65.19,3950600
2015-04-15,73.54,74.02,73.3,73.71,65.41,4358700
2015-04-16,73.61,74.0,73.39,73.49,65.22,2880000
2015-04-17,73.01,73.2,71.96,72.47,64.31,4386700
2015-04-20,73.0,73.26,72.3,72.41,64.26,2540400
2015-04-21,72.98,73.12,72.06,72.21,64.08,4048400
2015-04-22,72.47,72.47,71.88,72.3,64.16,3506100
2015-04-23,72.88,72.94,71.07,72.4,64.25,5448700
2015-04-24,72.22,72.43,71.26,71.58,63.52,3816300
2015-04-27,71.93,72.17,70.63,70.89,62.91,5328400
2015-04-28,70.62,71.28,70.2,71.18,63.17,4557900
2015-04-29,71.86,72.82,71.84,72.28,64.14,6789600
2015-04-30,71.96,72.61,71.43,71.87,63.78,5479300
2015-05-01,72.26,73.33,71.25,73.12,64.89,6533400
2015-05-04,73.25,73.59,72.85,73.05,64.83,4040700
2015-05-05,72.83,72.97,71.82,71.91,63.81,3735900
2015-05-06,71.97,72.28,71.54,72.05,63.94,3567600
2015-05-07,71.75,72.29,71.72,71.82,63.74,3628100
2015-05-08,72.5,73.7,72.5,73.26,65.01,3713300
2015-05-11,73.26,73.99,73.19,73.47,65.2,2958600
2015-05-12,73.14,73.14,72.31,72.44,64.29,3152800
2015-05-13,72.76,73.23,72.49,72.8,64.6,2682100
2015-05-14,72.68,73.22,72.43,73.06,65.28,3364300
2015-05-15,73.23,73.42,72.59,72.9,65.14,3464400
2015-05-18,73.05,73.09,72.62,72.94,65.18,2162000
2015-05-19,72.82,73.58,72.63,73.45,65.63,3548000
2015-05-20,73.45,73.69,73.18,73.36,65.55,1980300
2015-05-21,73.34,74.35,73.18,74.27,66.37,3288200
2015-05-22,74.05,74.33,73.87,74.3,66.39,3023400
2015-05-26,73.96,74.37,73.82,74.31,66.4,4194600
2015-05-27,74.36,74.99,74.14,74.9,66.93,2901100
2015-05-28,74.8,76.48,74.74,76.41,68.28,4823600
2015-05-29,76.15,79.55,76.02,78.9,70.5,11917000
2015-06-01,78.92,79.85,78.78,79.0,70.59,4866500
2015-06-02,78.76,78.76,77.51,77.95,69.65,4467700
2015-06-03,78.0,78.17,77.28,77.83,69.55,3270800
2015-06-04,77.34,78.6,77.33,77.68,69.41,3786500
2015-06-05,77.56,78.26,76.99,78.12,69.81,2788900
2015-06-08,77.98,78.85,77.83,78.52,70.16,6065900
2015-06-09,78.37,82.89,78.01,82.77,73.96,10109100
2015-06-10,81.99,83.49,81.31,83.18,74.33,13169400
2015-06-11,83.11,87.24,83.08,86.59,77.37,16740800
2015-06-12,85.89,86.0,83.09,84.21,75.25,12630500
2015-06-15,83.57,84.61,83.09,84.08,75.13,5462700
2015-06-16,83.91,85.32,83.63,84.78,75.76,5694500
2015-06-17,84.68,84.68,83.01,83.53,74.64,5968200
2015-06-18,83.89,84.37,82.75,83.04,74.2,7251500
2015-06-19,82.47,83.21,82.32,82.63,73.84,6907000
2015-06-22,83.3,83.44,82.85,82.92,74.09,3537100
2015-06-23,83.75,83.75,82.45,82.67,73.87,3643500
2015-06-24,82.5,83.08,82.26,82.26,73.5,4212100
2015-06-25,84.16,86.9,84.08,84.8,75.77,9630100
2015-06-26,85.19,85.93,84.58,85.85,76.71,14369800
2015-06-29,85.35,85.58,83.73,83.78,74.86,4441900
2015-06-30,84.5,84.57,83.39,83.49,74.6,4261200
2015-07-01,83.8,84.96,83.6,84.85,75.82,3629100
2015-07-02,85.21,86.24,84.69,86.14,76.97,5128100
2015-07-06,85.31,86.44,85.25,86.35,77.16,5062900
2015-07-07,86.64,88.78,86.06,88.73,79.29,6912300
2015-07-08,88.27,88.5,87.17,87.25,77.96,5330000
2015-07-09,88.0,88.31,86.9,87.48,78.17,4767600
2015-07-10,88.3,88.46,87.7,88.29,78.89,4471200
2015-07-13,89.14,90.18,88.67,88.82,79.37,5940500
2015-07-14,89.05,89.1,87.85,88.76,79.31,6028700
2015-07-15,87.79,88.17,86.1,86.38,77.19,6615900
2015-07-16,86.8,87.46,86.58,87.17,77.89,5578000
2015-07-17,87.0,87.44,86.62,87.37,78.07,4430100
2015-07-20,87.7,87.92,87.27,87.87,78.52,4320500
2015-07-21,87.58,87.69,85.52,85.57,76.46,8065300
2015-07-22,83.32,86.8,81.5,86.38,77.19,12677800
2015-07-23,89.06,89.87,85.62,86.76,77.53,5258500
2015-07-24,86.0,86.21,84.16,84.72,75.7,3460300
2015-07-27,84.5,84.61,83.34,84.15,75.19,5420600
2015-07-28,84.71,85.7,84.5,85.68,76.56,3027800
2015-07-29,85.91,85.99,84.71,85.09,76.03,2711800
2015-07-30,84.26,84.97,83.98,84.54,75.54,3867800
2015-07-31,84.88,85.26,84.38,84.51,75.52,4113600
2015-08-03,84.81,85.0,83.53,84.14,75.18,4815500
2015-08-04,84.49,84.99,83.85,84.05,75.1,2848200
2015-08-05,84.68,85.08,83.97,84.73,75.71,3776800
2015-08-06,85.14,85.14,81.24,82.7,73.9,3866500
2015-08-07,82.5,82.69,80.65,82.27,73.51,4545300
2015-08-10,82.82,83.77,82.44,83.51,74.62,3211600
2015-08-11,82.81,83.75,82.73,83.54,74.65,3205600
2015-08-12,82.71,83.5,81.64,83.38,74.95,2826900
2015-08-13,83.2,83.75,82.89,83.03,74.64,2253900
2015-08-14,82.91,83.95,82.79,83.91,75.43,2280200
2015-08-17,83.26,83.78,82.93,83.47,75.03,2814700
2015-08-18,83.83,83.99,83.23,83.39,74.96,2241400
2015-08-19,83.14,84.53,82.57,83.77,75.3,2651300
2015-08-20,86.86,88.95,85.81,87.33,78.5,10887700
2015-08-21,86.98,87.7,84.53,84.53,75.99,8320000
2015-08-24,81.6,82.96,79.5,80.73,72.57,8620700
2015-08-25,82.19,82.6,77.86,78.26,70.35,6439000
2015-08-26,79.88,81.3,77.77,81.1,72.9,7217800
2015-08-27,81.79,84.04,81.71,83.74,75.28,4703400
2015-08-28,83.74,84.0,82.77,83.19,74.78,4860800
2015-08-31,83.41,84.42,82.05,82.35,74.03,3445300
2015-09-01,80.25,81.25,79.4,79.8,71.74,4300500
2015-09-02,80.71,81.83,80.3,81.81,73.54,3257900
2015-09-03,82.05,82.86,81.34,81.6,73.35,3227700
2015-09-04,80.64,81.11,79.68,80.32,72.2,3416400
2015-09-08,81.46,82.98,81.26,82.88,74.5,2643600
2015-09-09,83.45,83.5,80.89,81.09,72.9,2839600
2015-09-10,81.12,81.67,80.5,80.84,72.67,3667700
2015-09-11,80.65,81.85,78.74,81.8,73.53,3645900
2015-09-14,81.92,82.28,81.28,81.89,73.61,3197200
2015-09-15,82.43,83.36,82.11,82.96,74.58,3532600
2015-09-16,84.1,84.53,82.61,84.45,75.92,3845000
2015-09-17,84.47,92.85,84.28,89.98,80.89,16918100
2015-09-18,90.7,91.45,88.38,88.49,79.55,11578000
2015-09-21,89.1,89.81,87.11,87.59,78.74,6644100
2015-09-22,86.82,87.98,86.62,87.8,78.93,5059500
2015-09-23,88.0,88.42,86.58,86.69,77.93,4863300
2015-09-24,86.45,86.54,85.08,85.35,76.72,5693500
2015-09-25,86.24,86.43,83.23,84.06,75.57,5794900
2015-09-28,83.68,83.86,78.5,79.74,71.68,8295100
2015-09-29,80.37,82.2,79.19,80.28,72.17,7315200
2015-09-30,81.53,83.77,81.5,83.69,75.23,6780700
2015-10-01,83.6,85.32,83.4,85.18,76.57,5350400
2015-10-02,84.16,87.55,83.59,87.52,78.68,5616600
2015-10-05,88.08,88.48,85.6,86.57,77.82,5297400
2015-10-06,86.39,86.51,82.08,84.17,75.66,5521200
2015-10-07,84.3,84.85,82.4,83.99,75.5,5128000
2015-10-08,83.15,83.99,81.79,83.77,75.3,4595400
2015-10-09,85.33,86.57,85.0,86.14,77.44,5115100
2015-10-12,78.58,80.75,78.3,79.44,71.41,26477400
2015-10-13,79.79,81.25,79.54,79.62,71.57,10104700
2015-10-14,80.97,82.0,79.05,79.25,71.24,9495500
2015-10-15,79.34,80.08,78.81,79.86,71.79,6408600
2015-10-16,80.58,81.53,79.96,81.51,73.27,5519800
2015-10-19,81.13,81.3,79.47,80.25,72.14,5869900
2015-10-20,80.15,80.34,77.63,77.79,69.93,7458000
2015-10-21,78.23,78.38,75.92,77.01,69.23,8955200
2015-10-22,77.22,77.84,75.16,76.98,69.2,10075500
2015-10-23,77.55,79.08,77.27,78.31,70.4,5679200
2015-10-26,78.31,79.86,77.77,79.11,71.12,4755200
2015-10-27,79.5,80.95,79.5,80.91,72.73,4771600
2015-10-28,81.2,83.1,80.39,83.07,74.68,5710300
2015-10-29,82.3,83.57,81.29,82.0,73.71,5158600
2015-10-30,82.08,82.55,81.57,81.57,73.33,4044300
2015-11-02,81.14,82.18,80.81,82.04,73.75,3473900
2015-11-03,82.23,82.54,81.13,81.67,73.42,4826100
2015-11-04,82.15,82.15,80.93,81.05,72.86,3401900
2015-11-05,81.0,81.4,79.66,80.61,72.46,3787200
2015-11-06,80.3,80.59,78.44,80.46,72.33,6082600
2015-11-09,80.03,80.29,78.58,79.36,71.34,4160200
2015-11-10,78.71,80.32,78.71,80.06,72.43,3302600
2015-11-11,80.1,81.28,79.97,80.7,73.0,3323400
2015-11-12,80.55,80.76,79.8,79.86,72.24,3647800
2015-11-13,79.66,80.27,79.18,79.55,71.96,3638600
2015-11-16,80.0,81.26,79.98,81.23,73.48,3318900
2015-11-17,80.93,82.43,80.63,81.3,73.55,3012100
2015-11-18,81.49,83.76,81.39,83.65,75.67,3916600
2015-11-19,83.2,83.88,82.73,83.72,75.74,3156100
2015-11-20,84.3,85.5,84.11,84.47,76.42,4251500
2015-11-23,84.5,84.92,84.12,84.74,76.66,4033100
2015-11-24,83.56,84.32,83.05,83.88,75.88,3431100
2015-11-25,83.88,84.42,83.55,83.74,75.75,2529400
2015-11-27,83.77,84.25,83.6,83.65,75.67,1253800
2015-11-30,83.76,84.03,82.04,82.04,74.22,6563300
2015-12-01,84.21,86.53,83.34,86.5,78.25,7368900
2015-12-02,86.26,86.73,84.42,84.56,76.5,4444800
2015-12-03,84.65,84.84,82.56,83.06,75.14,3669800
2015-12-04,83.47,87.28,83.43,86.62,78.36,6987600
2015-12-07,87.45,88.16,85.89,86.38,78.14,4379000
2015-12-08,85.62,87.67,85.57,86.41,78.17,4761000
2015-12-09,86.02,86.32,83.57,83.86,75.86,5479500
2015-12-10,84.23,85.51,83.36,84.91,76.81,3667200
2015-12-11,83.8,84.38,83.12,83.29,75.35,3738200
2015-12-14,83.36,84.71,82.97,84.68,76.61,5208700
2015-12-15,85.18,85.98,85.02,85.52,77.37,3975500
2015-12-16,86.0,86.58,84.05,86.29,78.06,2983600
2015-12-17,86.75,87.21,86.2,86.22,78.0,3928200
2015-12-18,85.57,85.98,84.77,84.77,76.69,5821300
2015-12-21,85.72,86.45,85.15,86.04,77.84,3742400
2015-12-22,86.27,86.47,85.27,85.91,77.72,2446100
2015-12-23,86.36,86.87,86.13,86.2,77.98,2804200
2015-12-24,85.98,86.15,85.47,85.85,77.66,1486900
2015-12-28,85.58,85.7,84.89,85.49,77.34,2031100
2015-12-29,85.84,86.87,85.6,86.25,78.03,2097700
2015-12-30,86.45,87.1,86.14,86.2,77.98,1969400
2015-12-31,85.72,85.75,84.08,84.26,76.23,3178500
2016-01-04,83.4,83.6,81.79,82.87,74.97,6907300
2016-01-05,82.9,85.4,82.87,84.11,76.09,7475300
2016-01-06,82.69,84.88,82.5,83.58,75.61,6628400
2016-01-07,81.63,82.81,80.83,81.41,73.65,5833200
2016-01-08,81.67,82.49,81.04,81.25,73.5,5880200
2016-01-11,81.3,81.92,78.83,80.27,72.62,4889300
2016-01-12,80.61,81.0,79.52,80.4,72.73,4329300
2016-01-13,80.74,80.82,79.09,79.3,71.74,4628400
2016-01-14,79.28,82.73,78.62,82.54,74.67,8253700
2016-01-15,80.69,81.58,80.08,81.24,73.49,6674300
2016-01-19,82.31,84.8,81.96,83.23,75.29,9162300
2016-01-20,81.85,83.47,80.41,82.62,74.74,8354400
2016-01-21,82.56,82.62,80.59,81.4,73.64,4930800
2016-01-22,82.4,83.16,81.91,82.48,74.62,3456300
2016-01-25,82.5,83.2,81.62,81.71,73.92,2632800
2016-01-26,81.75,82.17,80.91,81.96,74.14,4583400
2016-01-27,81.61,83.25,80.96,81.76,73.96,4341900
2016-01-28,81.87,82.49,76.54,76.81,69.49,10128700
2016-01-29,77.36,79.42,77.23,79.1,71.56,7042500
2016-02-01,78.21,79.16,77.28,78.4,70.92,4056000
2016-02-02,77.66,78.3,76.09,76.3,69.02,4804200
2016-02-03,76.46,77.55,74.18,76.09,68.83,6966400
2016-02-04,75.95,76.53,73.44,74.28,67.2,6339500
2016-02-05,74.16,75.82,73.55,74.32,67.23,6312800
2016-02-08,73.55,74.58,72.83,74.19,67.12,4348800
2016-02-09,73.43,74.96,72.72,73.74,66.71,5160000
2016-02-10,73.73,74.87,72.98,73.07,66.56,4748700
2016-02-11,72.2,72.63,70.83,71.42,65.06,5425400
2016-02-12,71.57,71.73,70.43,71.27,64.92,6332600
2016-02-16,71.95,73.42,71.93,73.33,66.8,4811300
2016-02-17,74.01,74.92,73.09,74.68,68.03,4000300
2016-02-18,73.42,74.55,73.16,73.47,66.93,5620000
2016-02-19,72.69,73.07,72.2,72.61,66.14,6650800
2016-02-22,72.91,73.64,72.1,73.01,66.51,5672600
2016-02-23,73.1,74.5,73.06,73.47,66.93,4411200
2016-02-24,73.33,74.28,72.64,74.1,67.5,3636100
2016-02-25,74.27,74.89,73.77,74.82,68.16,4306800
2016-02-26,75.42,75.79,73.41,73.6,67.05,4807700
2016-02-29,73.37,73.37,71.98,72.0,65.59,5730200
2016-03-01,72.63,72.81,71.86,72.74,66.26,4541700
2016-03-02,72.73,74.05,72.44,74.02,67.43,6738800
2016-03-03,73.8,73.89,72.58,73.25,66.73,4526500
2016-03-04,73.37,74.06,72.9,73.6,67.05,3481600
2016-03-07,73.17,73.96,72.8,73.4,66.86,3443100
2016-03-08,72.94,74.55,72.89,73.0,66.5,3278900
2016-03-09,73.51,73.94,73.0,73.54,66.99,2372000
2016-03-10,74.0,74.21,72.43,73.02,66.52,4419200
2016-03-11,73.47,74.95,73.19,74.65,68.0,3527200
2016-03-14,74.26,74.6,73.79,73.91,67.33,3201800
2016-03-15,71.65,72.0,69.6,71.24,64.9,13748200
2016-03-16,71.29,72.9,71.17,72.48,66.03,5287400
2016-03-17,72.23,72.35,67.88,69.06,62.91,15421600
2016-03-18,69.2,71.05,69.06,70.95,64.63,10131700
2016-03-21,70.8,71.05,69.84,70.25,63.99,5900100
2016-03-22,70.21,72.24,70.16,71.92,65.52,7655400
2016-03-23,72.17,72.23,70.91,71.17,64.83,3884400
2016-03-24,70.65,71.44,70.2,71.12,64.79,2892900
2016-03-28,71.35,71.47,70.38,70.62,64.33,2661900
2016-03-29,70.74,71.94,70.66,71.7,65.31,3814800
2016-03-30,71.98,72.33,71.07,71.78,65.39,3081000
2016-03-31,71.77,72.33,71.1,72.01,65.6,3680000
2016-04-01,71.6,73.7,71.53,73.42,66.88,4083600
2016-04-04,73.56,73.79,72.89,73.18,66.66,2796300
2016-04-05,72.78,73.65,72.48,73.04,66.54,3591800
2016-04-06,72.8,75.06,72.8,74.76,68.1,5669100
2016-04-07,74.51,75.16,73.85,74.59,67.95,3724100
2016-04-08,75.28,75.28,73.86,74.39,67.77,3224900
2016-04-11,74.48,74.74,73.8,73.95,67.36,3351100
2016-04-12,73.78,75.29,73.53,74.57,67.93,2849800
2016-04-13,74.73,75.24,74.08,75.16,68.47,2341600
2016-04-14,75.3,75.83,74.8,75.63,68.89,3022100
2016-04-15,75.62,76.25,75.09,75.53,68.8,3007500
2016-04-18,75.58,77.26,75.19,77.22,70.34,4088400
2016-04-19,77.58,78.5,76.64,77.25,70.37,3819600
2016-04-20,77.28,77.77,76.58,77.08,70.22,4049400
2016-04-21,77.17,78.1,76.91,77.37,70.48,3286600
2016-04-22,77.1,77.94,76.93,77.83,70.9,2697200
2016-04-25,77.46,78.0,77.15,77.94,71.0,3767100
2016-04-26,76.62,78.3,76.09,76.27,69.48,5347300
2016-04-27,76.52,77.16,75.82,76.51,69.7,3690900
2016-04-28,76.12,76.66,75.67,76.46,69.65,4383000
2016-04-29,76.51,76.51,75.1,75.53,68.8,3386600
2016-05-02,75.95,77.08,75.81,76.75,69.92,3571900
2016-05-03,76.34,76.65,75.59,76.25,69.46,3270700
2016-05-04,75.17,75.62,74.63,74.87,68.2,4176800
2016-05-05,74.72,75.39,74.55,75.27,68.57,3446400
2016-05-06,74.72,74.95,73.34,74.6,67.96,4196900
2016-05-09,74.78,75.9,74.76,75.59,68.86,2963200
2016-05-10,76.29,77.13,76.05,76.88,70.03,4366000
2016-05-11,75.97,77.06,75.84,76.31,69.98,3716300
2016-05-12,76.72,76.94,75.36,75.96,69.66,4081900
2016-05-13,75.82,77.05,75.57,76.33,70.0,3629700
2016-05-16,75.98,78.47,75.84,78.29,71.79,4580100
2016-05-17,78.21,78.71,75.52,76.39,70.05,7153300
2016-05-18,76.4,76.85,75.61,76.33,70.0,4664900
2016-05-19,75.12,75.23,73.74,74.31,68.14,4848800
2016-05-20,74.79,75.54,74.68,74.81,68.6,4689200
2016-05-23,75.0,75.14,73.92,74.08,67.93,4440500
2016-05-24,74.55,75.2,74.36,74.99,68.77,3711800
2016-05-25,75.49,75.5,74.45,74.54,68.36,4621700
2016-05-26,74.6,75.6,74.27,75.52,69.25,2654600
2016-05-27,75.52,75.72,74.67,74.99,68.77,3247500
2016-05-31,75.01,75.63,74.71,75.03,68.8,4438800
2016-06-01,74.9,75.44,74.68,74.94,68.72,2450200
2016-06-02,75.22,75.68,74.9,75.46,69.2,3231000
2016-06-03,75.5,75.6,74.25,75.12,68.89,5319000
2016-06-06,75.11,75.5,74.2,74.84,68.63,3253800
2016-06-07,74.62,75.05,74.51,74.7,68.5,2902900
2016-06-08,74.66,75.09,74.4,74.91,68.69,3194900
2016-06-09,74.77,75.54,74.24,74.43,68.25,2760500
2016-06-10,74.09,74.19,73.17,73.95,67.81,4124200
2016-06-13,74.08,74.97,73.67,73.86,67.73,3767000
2016-06-14,73.54,74.37,73.06,74.32,68.15,3691900
2016-06-15,74.73,74.89,73.61,73.71,67.59,3408900
2016-06-16,73.47,74.47,72.95,74.25,68.09,4788700
2016-06-17,74.65,75.08,73.47,73.86,67.73,6604900
2016-06-20,74.45,74.7,73.22,73.28,67.2,3640100
2016-06-21,73.7,73.8,72.53,72.57,66.55,5999200
2016-06-22,72.5,73.91,72.5,73.07,67.01,4410800
2016-06-23,73.59,73.94,73.2,73.94,67.81,2989700
2016-06-24,72.45,75.12,71.87,74.33,68.16,10471300
2016-06-27,74.06,75.07,73.2,74.89,68.68,7657800
2016-06-28,75.13,76.25,73.75,75.15,68.91,8012300
2016-06-29,75.88,78.24,75.87,78.15,71.67,7123700
2016-06-30,78.2,78.81,77.46,78.75,72.22,4017200
2016-07-01,78.89,79.33,78.37,78.95,72.4,2909600
2016-07-05,78.81,79.9,78.75,79.64,73.03,3286600
2016-07-06,79.32,80.4,79.1,80.02,73.38,4669800
2016-07-07,79.83,80.05,78.65,79.32,72.74,3587300
2016-07-08,79.32,79.9,78.93,79.66,73.05,3134900
2016-07-11,79.54,79.77,78.95,79.14,72.57,3461400
2016-07-12,79.63,79.84,78.97,79.67,73.06,4430000
2016-07-13,79.91,80.03,79.33,79.36,72.78,2917200
2016-07-14,79.5,80.69,79.4,80.59,73.9,3823800
2016-07-15,80.98,81.0,79.94,80.22,73.56,4529100
2016-07-18,80.37,80.59,79.86,79.95,73.32,3087600
2016-07-19,79.85,80.25,79.58,79.97,73.33,3303700
2016-07-20,80.27,80.52,79.99,80.28,73.62,2811100
2016-07-21,80.2,80.6,80.02,80.4,73.73,2685900
2016-07-22,80.4,81.71,80.28,81.59,74.82,4315900
2016-07-25,81.59,82.0,81.0,81.98,75.18,4180100
2016-07-26,82.75,83.35,81.63,82.09,75.28,5134900
2016-07-27,82.25,83.59,82.15,83.4,76.48,4057200
2016-07-28,83.25,83.39,81.95,82.93,76.05,4862000
2016-07-29,83.07,83.45,82.64,82.89,76.01,3016200
2016-08-01,83.02,83.79,82.94,83.18,76.28,3131100
2016-08-02,83.14,83.7,82.57,83.32,76.41,3340100
2016-08-03,83.42,83.42,82.36,82.72,75.86,2940900
2016-08-04,83.02,83.02,82.37,82.42,75.58,2093800
2016-08-05,82.42,82.52,81.04,81.56,74.79,5886900
2016-08-08,81.44,81.85,80.46,81.6,74.83,4227300
2016-08-09,81.75,82.14,80.7,81.5,74.74,2242800
2016-08-10,80.12,81.16,79.67,80.55,73.87,4956700
2016-08-11,79.98,80.67,79.98,80.56,74.35,2408000
2016-08-12,80.19,80.72,79.9,80.22,74.03,2525000
2016-08-15,80.33,80.62,80.07,80.26,74.07,2780400
2016-08-16,80.25,80.4,79.84,79.84,73.68,2158700
2016-08-17,80.16,80.35,79.58,80.11,73.93,2519500
2016-08-18,80.1,80.38,79.49,79.78,73.63,3037200
2016-08-19,79.55,79.79,78.78,79.06,72.96,3745500
2016-08-22,79.32,79.9,79.02,79.29,73.17,3157000
2016-08-23,79.68,79.97,79.44,79.57,73.43,3406900
2016-08-24,79.7,79.99,78.18,78.44,72.39,3423000
2016-08-25,78.44,79.17,77.8,78.01,71.99,2800500
2016-08-26,78.05,78.82,77.84,78.24,72.21,2602300
2016-08-29,78.33,78.74,78.05,78.6,72.54,2203300
2016-08-30,78.6,78.6,77.63,77.77,71.77,2025700
2016-08-31,77.89,78.09,77.53,77.75,71.75,2182600
2016-09-01,77.75,78.0,76.8,77.23,71.27,3544700
2016-09-02,77.52,77.63,76.45,76.85,70.92,3943400
2016-09-06,77.12,78.7,77.12,78.51,72.45,5528600
2016-09-07,78.49,78.89,78.26,78.59,72.53,2971400
2016-09-08,80.03,80.17,79.41,79.89,73.73,4405400
2016-09-09,79.62,79.62,78.2,78.24,72.21,4152500
2016-09-12,77.99,79.29,77.81,79.08,72.98,3288900
2016-09-13,78.87,78.87,77.99,78.48,72.43,3149000
2016-09-14,78.67,79.24,78.02,78.29,72.25,2660900
2016-09-15,78.12,79.06,77.77,78.82,72.74,2652300
2016-09-16,78.7,78.91,78.17,78.8,72.72,4255100
2016-09-19,78.79,79.37,78.49,79.16,73.05,3321500
2016-09-20,79.63,80.35,79.29,79.88,73.72,3629400
2016-09-21,79.8,81.0,79.68,80.87,74.63,3147600
2016-09-22,81.05,81.46,80.73,81.29,75.02,2639800
2016-09-23,80.97,81.46,80.77,81.16,74.9,2197700
2016-09-26,81.0,81.15,79.5,79.52,73.39,4332800
2016-09-27,80.62,80.93,79.61,80.88,74.64,6888900
2016-09-28,80.84,81.17,80.02,80.71,74.48,2467800
2016-09-29,80.35,80.47,79.23,79.74,73.59,3269200
2016-09-30,80.1,80.65,80.03,80.26,74.07,3623000
2016-10-03,80.0,81.07,79.69,81.0,74.75,3983500
2016-10-04,81.06,81.41,80.68,81.11,74.85,3184100
2016-10-05,81.35,82.09,81.23,81.75,75.44,3560400
2016-10-06,81.25,81.78,80.73,81.47,75.19,2994200
2016-10-07,81.57,82.31,81.3,82.09,75.76,4241400
2016-10-10,82.13,83.24,82.1,83.06,76.65,4608400
2016-10-11,82.6,82.85,81.25,81.81,75.5,4218200
2016-10-12,81.81,82.22,80.46,80.51,74.3,3629800
2016-10-13,79.93,80.49,79.6,80.0,73.83,3565000
2016-10-14,80.17,80.32,79.21,79.27,73.16,3143900
2016-10-17,79.53,79.53,78.01,78.53,72.47,3884700
2016-10-18,79.09,79.15,78.5,78.77,72.69,3218300
2016-10-19,78.96,79.33,78.53,78.56,72.5,2988500
2016-10-20,78.73,79.11,78.39,78.74,72.67,2661900
2016-10-21,78.54,78.78,78.08,78.25,72.21,3215000
2016-10-24,78.49,78.69,77.44,77.57,71.59,4363200
2016-10-25,76.88,78.28,75.5,77.75,71.75,8496000
2016-10-26,77.42,77.65,76.37,76.76,70.84,2988700
2016-10-27,77.36,77.42,76.13,76.16,70.29,3789900
2016-10-28,75.62,75.68,73.86,74.53,68.78,5651500
2016-10-31,74.63,74.74,73.8,73.84,68.14,3562100
2016-11-01,73.81,73.98,71.85,72.98,67.35,8190500
2016-11-02,73.15,73.49,72.64,72.65,67.05,4433900
2016-11-03,72.81,73.28,71.88,72.11,66.55,4843200
2016-11-04,72.12,73.03,71.67,72.49,66.9,3617200
2016-11-07,73.22,73.93,73.05,73.88,68.18,4969400
2016-11-08,73.57,74.47,73.36,74.02,68.31,2690800
2016-11-09,77.15,79.3,76.58,78.39,72.34,7332700
2016-11-10,78.96,79.7,78.0,78.34,72.77,6904800
2016-11-11,77.97,78.09,76.79,77.67,72.62,3072700
2016-11-14,78.01,78.24,76.69,77.02,72.01,3221700
2016-11-15,77.43,77.54,76.18,77.32,72.29,3097600
2016-11-16,77.52,77.52,76.82,76.94,71.94,1922300
2016-11-17,77.0,77.81,76.73,77.71,72.66,4519200
2016-11-18,77.58,77.92,76.52,76.67,71.69,4571600
2016-11-21,76.8,77.04,76.1,76.64,71.66,4060300
2016-11-22,77.81,77.81,75.5,75.99,71.05,5208800
2016-11-23,64.34,68.43,64.18,68.0,63.58,53877200
2016-11-25,68.53,69.14,67.78,69.12,64.63,8620700
2016-11-28,68.43,68.43,67.1,67.2,62.83,12507700
2016-11-29,67.57,67.64,66.48,67.15,62.79,8930000
2016-11-30,67.3,67.82,66.81,67.12,62.76,9085300
2016-12-01,67.29,67.3,65.66,65.97,61.68,7168100
2016-12-02,66.3,68.39,65.96,67.71,63.31,12272200
2016-12-05,68.16,68.31,66.74,67.26,62.89,7286000
2016-12-06,67.2,67.93,67.13,67.8,63.39,4617200
2016-12-07,67.25,67.38,66.56,67.38,63.0,5835900
2016-12-08,67.05,67.27,66.39,67.19,62.82,4811400
2016-12-09,67.38,68.17,67.22,67.85,63.44,4350800
2016-12-12,67.98,68.54,67.42,67.61,63.22,5273700
2016-12-13,67.99,68.89,67.99,68.64,64.18,6010900
2016-12-14,68.42,68.92,67.54,67.67,63.27,6140300
2016-12-15,70.37,71.59,69.66,71.37,66.73,14320800
2016-12-16,72.86,73.71,71.76,73.31,68.55,17584700
2016-12-19,73.48,74.49,73.3,73.42,68.65,6102400
2016-12-20,73.65,74.1,73.0,73.38,68.61,6001500
2016-12-21,73.33,73.89,73.1,73.25,68.49,5054100
2016-12-22,73.16,73.48,72.68,73.26,68.5,4827500
2016-12-23,73.48,74.0,73.26,73.79,68.99,2570100
2016-12-27,74.06,74.46,73.68,73.81,69.01,2786700
2016-12-28,73.66,73.78,72.97,73.06,68.31,3256800
2016-12-29,73.39,73.87,73.24,73.56,68.78,3031600
2016-12-30,73.47,73.75,73.23,73.55,68.77,2933900
2017-01-03,73.94,74.67,73.54,74.6,69.75,3622700
2017-01-04,74.95,75.0,74.38,74.72,69.86,3021600
2017-01-05,74.93,77.87,74.43,75.59,70.68,3310800
2017-01-06,75.46,76.07,75.03,75.67,70.75,2296500
2017-01-09,75.67,76.62,75.51,76.27,71.31,3204100
2017-01-10,76.44,76.56,75.81,76.27,71.31,3559400
2017-01-11,76.51,76.92,74.0,75.26,70.37,7701700
2017-01-12,74.85,77.5,74.76,77.15,72.14,11900700
2017-01-13,76.92,78.12,76.38,77.4,72.37,5602600
2017-01-17,77.06,77.06,75.87,76.85,71.85,4913300
2017-01-18,77.32,77.71,76.88,77.53,72.49,3360300
2017-01-19,77.47,77.62,76.76,76.84,71.85,4439200
2017-01-20,77.02,77.41,76.47,76.81,71.82,4371200
2017-01-23,76.24,76.88,76.16,76.32,71.36,5055100
2017-01-24,76.2,76.43,74.17,74.85,69.98,6594300
2017-01-25,75.12,75.6,74.27,74.85,69.98,4830800
2017-01-26,74.98,75.35,74.54,74.58,69.73,3748000
2017-01-27,74.92,75.4,74.51,75.38,70.48,3132800
2017-01-30,75.09,75.18,74.25,74.7,69.84,5909600
2017-01-31,74.25,77.28,74.0,77.03,72.02,6964100
2017-02-01,77.89,78.57,76.91,77.6,72.56,4959200
2017-02-02,76.99,77.91,76.55,77.39,72.36,3830900
2017-02-03,77.47,77.88,76.71,77.23,72.21,3836300
2017-02-06,76.92,77.85,76.76,77.83,72.77,2835500
2017-02-07,77.68,78.01,77.32,77.7,72.65,3346800
2017-02-08,77.44,78.65,77.19,78.11,73.03,2820800
2017-02-09,78.11,78.59,77.69,77.7,72.65,2962600
2017-02-10,77.87,78.25,77.6,77.79,72.73,2598600
2017-02-13,77.57,78.06,77.53,77.77,73.2,2097500
2017-02-14,77.5,78.83,77.25,78.81,74.18,3311200
2017-02-15,78.34,80.54,78.05,80.25,75.54,4272800
2017-02-16,80.05,80.38,79.41,80.04,75.34,3629600
2017-02-17,80.14,81.0,80.07,80.39,75.67,3111100
2017-02-21,80.17,80.87,80.11,80.36,75.64,3178800
2017-02-22,80.42,81.21,80.33,81.07,76.31,3468800
2017-02-23,81.38,82.88,81.14,82.55,77.7,6193500
2017-02-24,82.42,83.24,82.24,82.87,78.01,4016000
2017-02-27,82.83,83.4,82.66,83.06,78.18,3104200
2017-02-28,82.82,83.48,82.58,82.81,77.95,3672000
2017-03-01,83.44,84.14,82.97,83.85,78.93,3420600
2017-03-02,83.87,83.95,82.84,82.91,78.04,3371600
2017-03-03,82.7,83.9,82.6,83.78,78.86,2649100
2017-03-06,83.25,84.28,82.95,83.83,78.91,3960100
2017-03-07,82.95,83.14,81.37,82.74,77.88,5570600
2017-03-08,82.74,83.99,82.67,83.41,78.51,4491800
2017-03-09,83.67,84.77,83.51,84.55,79.59,5861600
2017-03-10,84.5,84.55,83.9,84.36,79.41,3629400
2017-03-13,84.51,84.55,83.83,84.14,79.2,2248500
2017-03-14,84.0,84.55,83.92,84.46,79.5,2839100
2017-03-15,84.43,86.14,84.37,85.88,80.84,4883900
2017-03-16,85.54,85.54,83.8,84.99,80.0,4742800
2017-03-17,84.44,84.75,83.83,83.96,79.03,5786900
2017-03-20,84.6,84.86,83.97,84.06,79.13,3121900
2017-03-21,84.34,84.95,83.63,83.73,78.81,4066200
2017-03-22,84.09,84.55,83.47,84.36,79.41,2850300
2017-03-23,83.92,85.05,83.92,84.42,79.46,3021100
2017-03-24,84.3,84.98,83.86,84.18,79.24,2479100
2017-03-27,83.9,84.44,83.74,84.24,79.29,2340300
2017-03-28,84.27,85.0,84.04,84.75,79.77,2755000
2017-03-29,84.55,84.76,84.32,84.44,79.48,2066600
2017-03-30,84.57,84.95,84.08,84.76,79.78,3204100
2017-03-31,84.4,84.94,84.08,84.11,79.17,3151900
2017-04-03,84.13,84.81,84.07,84.45,79.49,2429900
2017-04-04,84.53,86.39,84.29,86.09,81.04,4624600
2017-04-05,85.92,86.72,85.57,85.63,80.6,4056300
2017-04-06,85.47,85.9,85.12,85.36,80.35,2684600
2017-04-07,85.34,85.66,84.91,85.32,80.31,2808500
2017-04-10,85.46,85.85,85.23,85.47,80.45,1994900
2017-04-11,85.47,86.14,85.32,85.93,80.89,2699200
2017-04-12,85.74,86.34,85.67,86.25,81.19,2545100
2017-04-13,86.03,86.32,85.78,85.88,80.84,2172500
2017-04-17,81.3,82.99,81.11,82.38,77.54,12424500
2017-04-18,81.91,82.1,80.89,81.2,76.43,8210800
2017-04-19,81.12,81.71,79.88,80.89,76.14,5504500
2017-04-20,81.19,82.2,80.75,81.94,77.13,3267200
2017-04-21,81.82,82.24,81.67,81.89,77.08,3204000
2017-04-24,82.82,83.73,82.72,83.42,78.52,4813600
2017-04-25,82.71,82.71,80.5,81.2,76.43,9221100
2017-04-26,81.34,81.71,80.93,80.96,76.21,4421700
2017-04-27,80.97,81.6,80.69,81.33,76.56,3219200
2017-04-28,81.37,82.25,81.2,82.06,77.24,3161800
2017-05-01,82.09,82.22,81.75,81.82,77.02,2397200
2017-05-02,81.98,81.98,81.5,81.7,76.9,3626500
2017-05-03,81.26,81.56,81.24,81.25,76.48,3373200
2017-05-04,81.35,83.1,81.29,83.04,78.17,3567100
2017-05-05,83.06,83.11,82.07,82.51,77.67,3135600
2017-05-08,82.36,82.41,80.36,80.67,75.93,4712900
2017-05-09,80.82,80.94,80.35,80.79,76.05,3988100
2017-05-10,80.84,81.11,80.19,81.05,76.29,4018500
2017-05-11,80.72,81.0,79.91,80.22,76.0,3920500
2017-05-12,80.33,80.61,79.74,80.19,75.97,2935200
2017-05-15,80.19,80.49,79.43,80.3,76.07,2559100
2017-05-16,80.23,80.3,78.4,78.99,74.83,7170100
2017-05-17,78.99,79.03,77.92,78.14,74.03,4486000
2017-05-18,78.57,78.94,78.04,78.3,74.18,2928200
2017-05-19,78.5,78.71,77.73,77.8,73.71,5091800
2017-05-22,77.9,78.01,76.85,76.98,72.93,6936500
2017-05-23,77.19,78.36,77.02,77.99,73.89,5884800
2017-05-24,77.99,78.28,77.8,77.96,73.86,2253800
2017-05-25,78.31,78.46,77.76,78.34,74.22,1736700
2017-05-26,78.12,78.35,77.72,78.05,73.94,2238900
2017-05-30,77.95,78.67,77.75,78.35,74.23,3244900
2017-05-31,78.48,79.91,78.48,79.57,75.38,5163900
2017-06-01,79.6,80.23,79.38,79.99,75.78,3093100
2017-06-02,80.47,81.06,79.9,80.13,75.91,4005700
2017-06-05,80.0,80.07,78.98,79.35,75.17,2814800
2017-06-06,79.41,79.46,78.75,79.09,74.93,2688000
2017-06-07,79.16,79.54,79.09,79.39,75.21,2899900
2017-06-08,79.39,80.46,79.34,80.1,75.88,4610400
2017-06-09,80.1,81.19,79.7,81.04,76.78,4599300
2017-06-12,80.96,81.29,80.84,80.9,76.64,2842400
2017-06-13,81.21,81.29,80.24,81.25,76.97,4492900
2017-06-14,80.9,81.61,80.77,81.6,77.31,4025600
2017-06-15,81.39,82.15,80.96,82.05,77.73,3484800
2017-06-16,82.24,82.56,81.66,81.88,77.57,4903200
2017-06-19,82.02,82.76,81.87,82.34,78.01,2538000
2017-06-20,82.22,83.68,82.22,82.75,78.4,3694700
2017-06-21,83.1,83.41,82.38,82.64,78.29,3781400
2017-06-22,82.84,84.76,82.84,84.31,79.87,4891600
2017-06-23,84.12,84.34,83.71,83.89,79.48,3928000
2017-06-26,84.09,84.45,83.66,84.28,79.84,2952800
2017-06-27,84.18,84.33,83.04,83.04,78.67,2365800
2017-06-28,83.45,83.92,82.9,83.1,78.73,3035300
2017-06-29,83.09,83.22,82.31,82.7,78.35,2366800
2017-06-30,82.97,83.13,82.0,82.3,77.97,5713900
2017-07-03,82.41,82.91,82.32,82.7,78.35,1464700
2017-07-05,82.63,82.76,82.03,82.7,78.35,2263600
2017-07-06,82.32,82.57,81.37,81.6,77.31,3391000
2017-07-07,81.62,82.35,81.43,82.29,77.96,1803700
2017-07-10,82.33,82.57,81.89,82.28,77.95,2269700
2017-07-11,82.39,82.84,81.88,82.35,78.02,2708900
2017-07-12,82.73,84.02,82.61,83.5,79.11,3527000
2017-07-13,83.56,84.23,83.16,84.02,79.6,2944100
2017-07-14,84.11,84.58,83.81,84.35,79.91,2005700
2017-07-17,84.31,84.53,83.42,83.64,79.24,1989100
2017-07-18,83.51,83.77,83.22,83.7,79.3,1704500
2017-07-19,83.52,84.28,83.52,84.23,79.8,2297400
2017-07-20,84.53,85.12,84.41,84.75,80.29,2980600
2017-07-21,84.62,84.96,84.31,84.66,80.2,3064400
2017-07-24,84.66,85.53,84.51,84.74,80.28,3952200
2017-07-25,83.74,84.4,80.77,82.19,77.86,13319900
2017-07-26,81.57,81.88,81.04,81.84,77.53,7030500
2017-07-27,81.76,83.05,81.46,83.02,78.65,5577400
2017-07-28,82.87,83.22,82.5,83.1,78.73,3820100
2017-07-31,83.34,83.76,82.63,82.66,78.31,4083000
2017-08-01,82.86,83.15,82.12,82.37,78.04,3439400
2017-08-02,82.06,82.17,81.07,81.82,77.51,4574400
2017-08-03,81.58,82.28,81.5,81.93,77.62,3688300
2017-08-04,81.9,82.32,81.76,82.31,77.98,2802600
2017-08-07,82.31,82.4,81.72,82.07,77.75,2769700
2017-08-08,81.87,82.72,81.63,81.97,77.66,3292600
2017-08-09,82.13,82.74,81.97,82.57,78.22,2392100
2017-08-10,82.54,82.54,81.66,82.05,77.73,3367500
2017-08-11,81.8,81.97,81.12,81.15,77.37,2446400
2017-08-14,81.34,81.68,81.18,81.49,77.69,1879600
2017-08-15,81.5,82.34,81.5,81.71,77.9,1949500
2017-08-16,82.14,82.2,80.02,80.69,76.93,3970500
2017-08-17,80.4,80.57,77.7,77.8,74.18,7318200
2017-08-18,77.7,77.7,76.94,77.07,73.48,4061300
2017-08-21,77.12,77.64,76.89,77.38,73.78,3638100
2017-08-22,77.53,78.65,77.53,78.26,74.61,2131900
2017-08-23,78.2,78.52,78.05,78.15,74.51,1801500
2017-08-24,78.33,79.24,78.26,78.86,75.19,4188400
2017-08-25,78.96,79.53,78.74,78.79,75.12,2171500
2017-08-28,79.1,79.43,78.63,78.84,75.17,1923200
2017-08-29,78.54,78.84,78.12,78.55,74.89,2154300
2017-08-30,79.1,80.77,78.75,80.49,76.74,5036900
2017-08-31,80.77,81.35,80.34,81.29,77.5,3939500
2017-09-01,81.54,81.71,79.43,80.08,76.35,4345000
2017-09-05,79.47,80.05,79.05,79.82,76.1,3384000
2017-09-06,80.21,80.67,79.86,80.51,76.76,2689200
2017-09-07,80.62,82.75,80.37,81.54,77.74,6249300
2017-09-08,81.61,83.12,81.54,82.92,79.06,3961300
2017-09-11,82.94,83.35,81.77,82.63,78.78,4389200
2017-09-12,82.6,82.73,81.93,82.17,78.34,2566400
2017-09-13,81.96,82.58,81.88,82.43,78.59,2454900
2017-09-14,82.33,83.99,82.12,83.07,79.2,3370300
2017-09-15,83.3,83.57,82.18,82.44,78.6,5374500
2017-09-18,82.55,82.67,82.07,82.52,78.68,2200000
2017-09-19,82.64,82.84,81.55,81.73,77.92,2259200
2017-09-20,82.06,82.42,81.39,82.02,78.2,2849900
2017-09-21,82.01,83.7,81.88,83.33,79.45,4426700
2017-09-22,83.34,84.03,82.74,83.91,80.0,3148700
2017-09-25,83.87,84.65,83.8,84.64,80.7,4223800
2017-09-26,84.43,85.13,84.01,84.22,80.3,2347200
2017-09-27,84.34,84.8,83.97,84.65,80.71,3085200
2017-09-28,84.59,85.58,84.15,85.0,81.04,2841000
2017-09-29,85.17,85.61,84.39,85.54,81.56,3506100
2017-10-02,85.78,86.68,85.74,86.35,82.33,3071100
2017-10-03,86.24,86.56,85.93,86.45,82.42,2128800
2017-10-04,86.5,87.16,86.28,86.96,82.91,2317700
2017-10-05,86.77,89.09,86.39,87.65,83.57,5221000
2017-10-06,87.31,87.49,86.64,87.08,83.02,2297200
2017-10-09,87.14,87.28,86.46,87.05,82.99,1701400
2017-10-10,85.38,86.7,85.25,86.16,82.15,4943700
2017-10-11,86.35,86.66,85.45,86.06,82.05,3433200
2017-10-12,86.1,86.45,85.91,86.43,82.4,1941100
2017-10-13,86.4,86.7,85.71,86.55,82.52,3026500
2017-10-16,86.48,86.74,85.78,85.95,81.95,3800700
2017-10-17,85.94,86.5,85.42,86.06,82.05,3643700
2017-10-18,86.33,86.56,85.52,85.73,81.74,4002200
2017-10-19,85.69,86.38,85.51,86.36,82.34,3233400
2017-10-20,86.52,87.38,86.33,87.23,83.17,3223200
2017-10-23,87.47,88.19,87.12,87.18,83.12,4909800
2017-10-24,87.42,88.33,83.75,85.17,81.2,8696100
2017-10-25,85.91,86.37,84.68,84.85,80.9,3916000
2017-10-26,84.67,85.11,83.83,84.16,80.24,3820700
2017-10-27,84.07,84.81,83.59,83.86,79.95,2892900
2017-10-30,83.76,83.76,82.43,82.65,78.8,4667200
2017-10-31,82.76,83.1,81.72,81.94,78.12,3853300
2017-11-01,82.17,83.82,82.0,82.89,79.03,3309300
2017-11-02,82.55,83.92,82.31,83.13,79.26,2716100
2017-11-03,82.71,83.59,82.66,83.51,79.62,1534800
2017-11-06,83.29,83.43,82.92,82.94,79.08,1861700
2017-11-07,83.04,83.42,82.77,83.28,79.4,2851900
2017-11-08,83.0,84.39,83.0,84.01,80.1,2328700
2017-11-09,83.82,84.26,83.63,83.99,80.08,2098600
2017-11-10,83.67,83.87,82.57,83.29,79.41,2692500
2017-11-13,83.33,83.33,82.53,82.86,79.0,2478700
2017-11-14,82.69,83.11,82.21,82.49,79.14,2684800
2017-11-15,82.51,83.14,81.42,82.19,78.86,1838100
2017-11-16,82.41,83.63,81.84,83.44,80.06,2599700
2017-11-17,83.0,83.48,82.8,82.89,79.53,4097800
2017-11-20,83.09,83.32,82.82,83.18,79.81,2205900
2017-11-21,83.65,84.53,83.37,83.51,80.12,3529900
2017-11-22,83.67,84.26,83.48,83.68,80.29,2230900
2017-11-24,83.87,84.17,83.58,84.03,80.62,817600
2017-11-27,84.15,85.25,84.03,84.81,81.37,2980900
2017-11-28,85.07,85.36,84.74,85.05,81.6,2659400
2017-11-29,84.79,85.24,84.45,84.96,81.51,2316000
2017-11-30,85.25,85.48,84.32,84.64,81.21,5002100
2017-12-01,84.98,85.41,84.18,85.32,81.86,2736300
2017-12-04,85.49,86.78,85.36,85.58,82.11,4228300
2017-12-05,85.59,86.58,85.21,86.06,82.57,3876800
2017-12-06,86.04,86.39,84.53,85.32,81.86,3130900
2017-12-07,85.21,85.87,84.65,85.87,82.39,4344900
2017-12-08,85.66,86.46,85.47,86.45,82.94,3777100
2017-12-11,86.61,86.84,86.07,86.67,83.15,3336800
2017-12-12,86.49,86.9,85.99,86.71,83.19,4252500
2017-12-13,86.41,89.09,86.34,87.89,84.32,5786800
2017-12-14,88.22,88.33,86.12,86.5,82.99,4388400
2017-12-15,86.89,87.61,86.27,86.54,83.03,7346400
2017-12-18,86.76,87.45,85.99,86.08,82.59,3796000
2017-12-19,86.04,86.77,85.85,86.71,83.19,4027600
2017-12-20,86.68,86.94,85.64,85.74,82.26,3016900
2017-12-21,86.03,86.18,85.44,85.61,82.14,2024300
2017-12-22,85.6,85.78,84.75,85.07,81.62,1834800
2017-12-26,85.29,85.43,84.96,84.99,81.54,1099900
2017-12-27,85.19,85.46,84.98,85.14,81.69,1332800
2017-12-28,85.3,85.44,84.89,85.05,81.6,1731700
2017-12-29,85.12,85.44,84.46,84.46,81.03,2563800
2018-01-02,84.46,85.0,84.06,84.68,81.25,3456700
2018-01-03,84.74,85.42,84.27,85.14,81.69,3078400
2018-01-04,85.28,85.8,84.74,85.52,82.05,2462500
2018-01-05,86.09,86.75,85.93,86.57,83.06,2946300
2018-01-08,86.69,86.71,85.4,86.13,82.64,3251400
2018-01-09,86.2,86.42,85.74,86.06,82.57,2426000
2018-01-10,85.61,86.17,85.49,86.1,82.61,1674600
2018-01-11,86.17,86.59,85.87,86.39,82.89,2647500
2018-01-12,86.52,87.41,86.03,86.98,83.45,2728900
2018-01-16,85.93,86.59,85.15,85.29,81.83,4878300
2018-01-17,85.8,86.36,85.47,86.21,82.71,4083300
2018-01-18,86.04,86.14,85.27,85.82,82.34,4445800
2018-01-19,86.17,86.28,85.32,85.49,82.02,5826900
2018-01-22,83.25,85.57,82.4,85.44,81.97,6374000
2018-01-23,85.18,85.92,84.24,84.42,81.0,5728100
2018-01-24,84.86,85.16,84.28,84.3,80.88,5977700
2018-01-25,84.81,85.4,84.56,85.01,81.56,5201600
2018-01-26,84.76,87.47,84.76,87.08,83.55,6394100
2018-01-29,86.77,88.33,86.65,87.6,84.05,5324500
2018-01-30,86.64,86.94,85.21,86.09,82.6,5388400
2018-01-31,86.5,86.73,81.27,81.45,78.15,10558500
2018-02-01,81.54,82.87,81.29,82.41,79.07,8410700
2018-02-02,81.88,83.03,81.12,81.18,77.89,5152500
2018-02-05,80.89,81.61,76.55,77.49,74.35,8145200
2018-02-06,76.56,79.11,75.71,77.99,74.83,10558800
2018-02-07,77.76,78.56,76.71,76.72,73.61,8240300
2018-02-08,77.19,77.65,74.19,74.21,71.2,8059600
2018-02-09,75.06,76.82,73.69,76.23,73.14,8939700
2018-02-12,76.68,77.1,75.2,76.25,73.16,6454200
2018-02-13,76.02,76.59,75.75,76.21,73.12,4041200
2018-02-14,75.41,77.19,75.34,77.03,74.46,4361100
2018-02-15,77.75,78.15,77.03,78.02,75.41,4810700
2018-02-16,77.95,79.65,77.91,78.97,76.33,4699600
2018-02-20,78.18,78.7,77.18,77.55,74.96,3195000
2018-02-21,77.59,78.75,77.55,77.55,74.96,3871100
2018-02-22,77.19,78.09,76.52,77.19,74.61,7687400
2018-02-23,77.73,78.86,77.64,78.75,76.12,5170300
2018-02-26,78.99,80.47,78.97,80.18,77.5,6015900
2018-02-27,80.15,80.21,78.69,78.7,76.07,4860400
2018-02-28,78.78,79.18,77.01,77.02,74.45,6123400
2018-03-01,77.06,77.37,75.53,76.5,73.94,6258400
2018-03-02,76.38,77.6,76.32,77.23,74.65,3216700
2018-03-05,76.9,78.08,76.71,77.7,75.1,3816600
2018-03-06,77.86,78.0,76.88,77.19,74.61,2962700
2018-03-07,76.58,77.61,76.54,77.44,74.85,2266500
2018-03-08,77.65,79.02,77.47,78.89,76.25,3497200
2018-03-09,79.28,79.96,78.88,79.61,76.95,4399500
2018-03-12,79.83,79.97,78.61,79.04,76.4,5059600
2018-03-13,79.08,79.87,78.77,79.15,76.5,4863200
2018-03-14,79.39,79.56,78.02,78.49,75.87,3167900
2018-03-15,78.58,79.86,78.46,78.75,76.12,3910100
2018-03-16,79.2,80.49,79.12,80.49,77.8,8326300
2018-03-19,80.12,80.2,78.16,78.73,76.1,5117000
2018-03-20,79.04,79.2,77.85,78.37,75.75,3943800
2018-03-21,78.46,79.0,78.03,78.24,75.62,4052000
2018-03-22,77.56,78.01,76.41,76.53,73.97,3816900
2018-03-23,76.77,76.8,74.51,74.76,72.26,4298100
2018-03-26,75.61,76.23,74.65,76.18,73.63,3488700
2018-03-27,76.09,76.6,75.14,75.66,73.13,4070600
2018-03-28,76.06,77.66,76.04,77.01,74.44,4257500
2018-03-29,77.46,77.8,76.61,77.37,74.78,3424000
2018-04-02,76.88,77.31,75.4,75.7,73.17,6282600
2018-04-03,76.25,77.6,75.86,77.54,74.95,3610600
2018-04-04,76.82,78.82,76.71,78.6,75.97,3022200
2018-04-05,78.52,78.85,78.09,78.62,75.99,2213100
2018-04-06,78.18,78.25,76.3,76.85,74.28,4012800
2018-04-09,77.27,78.35,76.33,77.34,74.76,5377500
2018-04-10,78.09,79.68,78.07,79.22,76.57,3657200
2018-04-11,78.35,78.9,78.12,78.73,76.1,2830000
2018-04-12,79.19,79.68,78.81,79.29,76.64,2121100
2018-04-13,79.88,80.45,79.24,79.72,77.06,2652400
2018-04-16,80.46,80.75,79.67,80.12,77.44,2743000
2018-04-17,80.57,80.64,79.49,79.92,77.25,3782400
2018-04-18,79.96,80.24,79.59,79.72,77.06,4261000
2018-04-19,78.96,79.75,78.55,79.75,77.08,4989400
2018-04-20,79.64,79.91,78.82,79.06,76.42,5424100
2018-04-23,79.43,80.29,79.17,80.2,77.52,4015900
2018-04-24,81.17,81.5,78.92,80.09,77.41,6394900
2018-04-25,80.27,82.32,80.01,81.14,78.43,5379000
2018-04-26,81.42,83.56,81.42,82.55,79.79,5058700
2018-04-27,82.5,83.24,82.38,82.73,79.96,3209600
2018-04-30,83.09,83.21,81.06,81.07,78.36,5483500
2018-05-01,80.68,80.93,78.69,79.07,76.43,6306100
2018-05-02,78.68,79.39,78.46,78.83,76.2,5166300
2018-05-03,78.65,78.7,77.44,78.04,75.43,4469300
2018-05-04,77.42,78.62,77.09,78.4,75.78,3367500
2018-05-07,78.41,79.26,78.23,78.63,76.0,3722600
2018-05-08,78.48,78.9,78.17,78.88,76.24,4591700
2018-05-09,78.96,79.65,78.45,79.27,76.62,3325200
2018-05-10,79.46,81.17,79.41,80.86,78.16,3718400
2018-05-11,81.15,82.45,81.02,82.45,79.69,4393800
2018-05-14,82.6,83.32,82.5,83.07,80.29,4739700
2018-05-15,82.72,82.94,81.83,82.21,79.46,3662700
2018-05-16,81.8,81.95,80.96,81.18,79.01,3614500
2018-05-17,81.04,81.84,81.03,81.66,79.47,2808400
2018-05-18,81.49,82.29,81.49,82.07,79.87,4002300
2018-05-21,82.29,82.54,81.67,81.83,79.64,2505900
2018-05-22,82.14,82.89,81.81,82.22,80.02,2620700
2018-05-23,81.71,82.92,81.61,82.68,80.47,2516900
2018-05-24,82.71,82.79,82.1,82.71,80.5,2481800
2018-05-25,82.79,83.47,82.59,82.77,80.56,2338100
2018-05-29,82.11,82.62,81.65,82.44,80.23,3459300
2018-05-30,82.92,84.02,82.91,83.86,81.62,3475400
2018-05-31,83.88,85.11,83.68,85.04,82.76,9526400
2018-06-01,85.2,85.68,84.56,84.85,82.58,4057700
2018-06-04,84.65,85.52,84.36,85.07,82.79,4263100
2018-06-05,85.25,85.7,84.54,84.82,82.55,3667600
2018-06-06,84.88,85.93,84.66,85.93,83.63,2720100
2018-06-07,86.2,86.32,85.32,85.88,83.58,3123600
2018-06-08,85.83,86.42,85.43,86.08,83.78,3172300
2018-06-11,86.31,86.78,85.81,85.86,83.56,3506900
2018-06-12,85.76,86.02,85.45,85.49,83.2,3016900
2018-06-13,85.76,86.38,85.6,85.72,83.43,3052100
2018-06-14,85.67,86.46,85.17,86.35,84.04,3115100
2018-06-15,86.13,87.27,86.1,86.88,84.56,5575200
2018-06-18,85.98,86.15,85.01,86.11,83.81,2903900
2018-06-19,85.89,86.87,85.67,86.82,84.5,3044500
2018-06-20,86.74,87.16,86.2,86.28,83.97,4675500
2018-06-21,85.82,86.28,85.19,86.07,83.77,2856400
2018-06-22,86.02,86.4,85.81,85.92,83.62,3769500
2018-06-25,86.0,86.61,85.12,85.77,83.47,3414100
2018-06-26,85.54,86.0,84.96,85.11,82.83,2840600
2018-06-27,84.91,85.6,84.64,84.67,82.4,3005400
2018-06-28,84.85,85.96,84.81,85.49,83.2,2564600
2018-06-29,85.84,86.1,85.13,85.33,83.05,2964000
2018-07-02,85.06,85.93,84.71,85.86,83.56,2347000
2018-07-03,85.81,87.02,85.81,86.51,84.2,2163500
2018-07-05,86.91,87.19,86.13,86.56,84.24,2675500
2018-07-06,86.83,87.71,86.82,87.39,85.05,2290500
2018-07-09,87.6,88.33,87.52,87.87,85.52,2718300
2018-07-10,88.08,88.23,87.67,88.05,85.69,2227200
2018-07-11,87.77,88.07,87.2,87.56,85.22,2449500
2018-07-12,88.1,88.99,87.92,88.91,86.53,2604500
2018-07-13,88.83,89.87,88.54,89.71,87.31,3335000
2018-07-16,89.63,89.84,88.84,89.07,86.69,3175200
2018-07-17,89.36,89.97,89.34,89.57,87.17,2179400
2018-07-18,89.6,90.13,89.07,90.03,87.62,3021400
2018-07-19,89.83,89.98,88.87,89.43,87.04,3171000
2018-07-20,89.02,89.37,88.26,88.47,86.1,3829800
2018-07-23,88.3,89.16,88.17,88.88,86.5,3145300
2018-07-24,91.06,93.76,90.0,93.35,90.85,9910000
2018-07-25,93.16,96.65,93.03,96.43,93.85,8476800
2018-07-26,96.64,96.96,94.83,95.18,92.63,4826100
2018-07-27,95.65,96.96,95.02,96.6,94.02,3975500
2018-07-30,96.38,98.12,96.25,98.02,95.4,5356000
2018-07-31,98.25,99.2,97.53,98.81,96.17,4957800
2018-08-01,98.74,99.35,98.44,98.7,96.06,4971800
2018-08-02,97.95,100.39,97.84,99.47,96.81,4321000
2018-08-03,99.18,100.69,98.88,100.58,97.89,4572100
2018-08-06,100.4,102.59,100.22,102.0,99.27,5090900
2018-08-07,101.79,103.81,101.68,101.94,99.21,5095100
2018-08-08,101.85,102.67,101.43,102.27,99.53,3901600
2018-08-09,102.06,102.72,101.92,102.19,99.46,3298100
2018-08-10,102.15,103.19,101.99,102.25,99.51,2783800
2018-08-13,102.45,102.68,102.12,102.44,99.7,2816400
2018-08-14,101.77,102.84,101.27,102.44,100.25,3283900
2018-08-15,102.28,103.44,102.08,103.33,101.12,3143200
2018-08-16,103.25,104.94,103.25,104.36,102.13,4427200
2018-08-17,104.43,105.92,103.96,105.55,103.29,3824300
2018-08-20,105.58,106.38,105.58,105.82,103.56,2765500
2018-08-21,106.02,106.13,104.72,105.07,102.82,2775500
2018-08-22,104.8,105.63,104.15,105.03,102.78,1964400
2018-08-23,104.99,105.25,104.39,104.82,102.58,2043400
2018-08-24,105.57,106.04,104.53,105.77,103.51,3089900
2018-08-27,106.15,106.49,104.94,105.11,102.86,2452500
2018-08-28,105.03,105.59,104.59,105.18,102.93,2516800
2018-08-29,104.4,105.59,104.28,105.33,103.08,2949500
2018-08-30,105.18,105.74,104.94,105.48,103.22,2928600
2018-08-31,105.14,105.86,104.47,105.65,103.39,3278900
2018-09-04,105.31,105.7,104.38,104.62,102.38,3107000
2018-09-05,104.85,106.11,104.7,105.72,103.46,3366600
2018-09-06,105.67,105.75,103.66,105.37,103.12,3180700
2018-09-07,105.15,107.24,104.8,107.03,104.74,3822900
2018-09-10,107.5,107.84,106.39,106.42,104.14,2950800
2018-09-11,106.41,106.62,105.52,105.64,103.38,3516400
2018-09-12,105.81,106.49,105.51,105.97,103.7,3926000
2018-09-13,106.16,106.71,105.82,106.58,104.3,5167400
2018-09-14,106.57,106.69,105.4,105.77,103.51,3103100
2018-09-17,105.61,106.77,105.05,105.71,103.45,4972200
2018-09-18,105.87,107.19,105.11,106.88,104.59,3668800
2018-09-19,106.88,107.07,105.5,105.74,103.48,3270400
2018-09-20,105.72,106.11,104.22,106.07,103.8,3762000
2018-09-21,106.23,106.87,105.35,106.33,104.06,5333700
2018-09-24,105.95,106.67,105.59,105.59,103.33,3095500
2018-09-25,106.01,106.76,105.54,105.7,103.44,3775700
2018-09-26,106.06,107.37,106.01,106.31,104.04,3707300
2018-09-27,106.49,107.17,106.21,106.69,104.41,2093700
2018-09-28,106.77,107.74,106.3,107.31,105.02,2812300
2018-10-01,107.67,107.71,107.03,107.6,105.3,2707500
2018-10-02,107.5,108.14,107.19,107.96,105.65,3787900
2018-10-03,108.47,109.61,108.24,108.62,106.3,5097200
2018-10-04,113.62,115.68,111.04,112.99,110.57,10940700
2018-10-05,114.09,115.45,114.09,115.02,112.56,8330300
2018-10-08,114.85,116.61,114.77,115.46,112.99,6002300
2018-10-09,115.09,116.0,114.23,115.45,112.98,4716000
2018-10-10,114.96,115.37,113.25,113.34,110.92,5602900
2018-10-11,113.09,113.32,106.58,107.91,105.6,7226300
2018-10-12,109.0,111.02,108.43,110.48,108.12,4519100
2018-10-15,110.5,111.81,109.98,110.62,108.25,3884700
2018-10-16,110.84,111.22,109.93,111.03,108.66,4192800
2018-10-17,110.98,113.77,110.86,113.59,111.16,4402100
2018-10-18,113.93,114.25,112.41,113.31,110.89,3619600
2018-10-19,112.88,113.36,110.66,111.92,109.53,4224000
2018-10-22,112.0,112.72,111.37,112.03,109.63,2938300
2018-10-23,110.7,111.46,109.06,110.39,108.03,3757000
2018-10-24,110.22,111.15,106.19,106.32,104.05,6739400
2018-10-25,106.43,108.82,104.17,107.89,105.58,4114800
2018-10-26,107.05,107.47,105.06,106.39,104.12,4464500
2018-10-29,107.45,109.08,106.3,107.4,105.1,3587800
2018-10-30,107.23,108.51,107.08,108.34,106.02,3325900
2018-10-31,109.59,110.43,108.35,108.44,106.12,4349200
2018-11-01,108.74,109.23,107.33,107.86,105.55,3639400
2018-11-02,108.14,108.39,105.93,106.75,104.47,3577200
2018-11-05,110.43,112.08,109.76,110.14,107.79,7368600
2018-11-06,109.0,109.3,104.95,105.9,103.64,6803700
2018-11-07,106.85,110.78,106.72,109.72,107.37,5875400
2018-11-08,109.49,110.94,109.01,110.1,107.75,3666300
2018-11-09,110.42,112.54,109.7,112.21,109.81,5054400
2018-11-12,112.26,114.71,112.26,113.2,110.78,5078900
2018-11-13,114.25,114.25,111.83,112.39,109.99,4239700
2018-11-14,112.36,112.65,109.74,109.81,108.0,5392800
2018-11-15,109.18,112.23,108.54,112.2,110.35,4796800
2018-11-16,111.68,114.3,111.67,113.83,111.96,4766400
2018-11-19,113.0,116.1,113.0,115.81,113.9,4869800
2018-11-20,114.88,116.2,114.32,114.72,112.83,4877300
2018-11-21,114.28,114.28,112.13,112.23,110.38,3619700
2018-11-23,111.86,113.81,111.4,112.87,111.01,1897000
2018-11-26,111.26,113.6,110.97,112.38,110.53,3296200
2018-11-27,112.28,114.25,111.71,114.22,112.34,3263200
2018-11-28,114.73,115.83,113.76,115.53,113.63,4814500
2018-11-29,115.3,117.93,114.97,117.0,115.07,4688300
2018-11-30,117.61,118.71,116.22,118.64,116.69,8965600
2018-12-03,118.64,118.69,117.54,118.52,116.57,4290100
2018-12-04,118.65,119.84,116.32,116.52,114.6,5676600
2018-12-06,115.32,115.99,112.98,115.84,113.93,5064400
2018-12-07,115.53,115.78,112.77,113.58,111.71,4128100
2018-12-10,113.6,114.65,111.02,114.09,112.21,3832600
2018-12-11,114.84,115.62,113.92,114.5,112.62,3806800
2018-12-12,115.48,115.74,114.27,114.34,112.46,3758800
2018-12-13,114.62,115.15,113.84,114.86,112.97,3609900
2018-12-14,114.29,114.58,111.24,111.93,110.09,5306100
2018-12-17,111.21,111.3,107.72,108.36,106.58,6121700
2018-12-18,109.43,109.66,105.67,106.5,104.75,6864400
2018-12-19,111.54,111.54,107.7,109.11,107.31,8362800
2018-12-20,109.1,110.16,108.12,109.29,107.49,8362300
2018-12-21,109.29,111.51,108.68,109.42,107.62,13154500
2018-12-24,109.35,109.41,106.63,106.75,104.99,3284000
2018-12-26,106.76,111.09,106.43,111.09,109.26,3792400
2018-12-27,110.24,112.9,108.73,112.89,111.03,4101600
2018-12-28,113.4,115.09,112.59,114.2,112.32,3984000
2018-12-31,114.34,115.85,114.24,115.72,113.82,2731000
2019-01-02,114.79,115.43,112.75,114.88,112.99,4247100
2019-01-03,114.72,114.74,111.1,111.31,109.48,4203300
2019-01-04,112.21,114.84,111.74,114.66,112.77,5795200
2019-01-07,112.37,116.44,112.05,115.28,113.38,7749600
2019-01-08,115.69,116.42,114.52,116.34,114.43,3428900
2019-01-09,116.37,118.22,116.22,117.21,115.28,5820100
2019-01-10,117.09,117.22,114.97,115.94,114.03,4282300
2019-01-11,115.27,116.21,115.1,116.18,114.27,2648800
2019-01-14,115.2,115.25,114.33,114.68,112.79,4404600
2019-01-15,113.91,118.22,113.4,117.09,115.16,5097700
2019-01-16,116.99,118.07,116.48,116.8,114.88,2920600
2019-01-17,116.81,119.2,116.55,119.16,117.2,4401900
2019-01-18,115.58,116.9,115.02,116.59,114.67,8887000
2019-01-22,115.69,117.11,115.69,117.09,115.16,4377500
2019-01-23,117.11,118.9,116.92,118.79,116.84,4012100
2019-01-24,118.22,118.22,114.2,114.99,113.1,6946200
2019-01-25,115.34,115.35,114.04,114.97,113.08,4599100
2019-01-28,114.72,115.11,113.54,115.03,113.14,3590900
2019-01-29,114.39,115.95,113.91,115.71,113.81,3767400
2019-01-30,115.53,117.08,115.53,116.94,115.02,4362900
2019-01-31,116.94,120.14,116.73,119.86,117.89,5746100
2019-02-01,120.32,120.99,119.13,120.89,118.9,4171500
2019-02-04,121.21,121.84,118.69,120.17,118.19,4518400
2019-02-05,120.72,121.74,120.4,120.43,118.45,8832400
2019-02-06,118.67,120.82,117.74,119.27,117.31,7421000
2019-02-07,119.0,119.33,116.86,117.5,115.57,7935000
2019-02-08,117.73,121.43,117.45,119.6,117.63,16195100
2019-02-11,119.2,119.94,117.04,118.01,116.07,7203100
2019-02-12,117.76,119.9,117.5,119.49,117.52,6975500
2019-02-13,119.6,120.28,118.11,119.65,117.68,12738600
2019-02-14,118.94,121.25,118.8,120.75,119.41,17847000
2019-02-15,121.18,122.48,120.4,122.48,121.12,10366400
2019-02-19,121.31,123.33,121.3,122.13,120.77,17861300
2019-02-20,122.38,123.05,121.61,122.66,121.3,19880300
2019-02-21,122.06,123.76,121.8,122.72,121.36,20798700
2019-02-22,122.73,124.74,122.65,124.0,122.62,19574000
2019-02-25,124.1,124.67,123.47,123.89,122.51,13682400
2019-02-26,123.86,125.16,123.32,124.67,123.28,20790900
2019-02-27,124.49,126.48,124.08,125.68,124.28,32135600
2019-02-28,125.52,127.77,125.2,126.29,124.89,36023600
2019-03-01,127.25,129.42,126.58,128.84,127.41,43290900
2019-03-04,130.51,130.51,125.34,127.46,126.04,59468600
2019-03-05,128.4,128.87,126.72,128.49,127.06,53212600
2019-03-06,128.75,128.79,125.39,126.68,125.27,74822500
2019-03-07,126.41,127.19,125.13,126.34,124.93,60615600
2019-03-08,126.37,126.98,125.25,126.7,125.29,50169800
2019-03-11,122.8,124.91,122.51,123.5,122.13,61771200
2019-03-12,123.5,124.02,122.68,123.5,122.13,8077600
2019-03-13,124.6,130.75,123.16,124.31,122.93,68139300
2019-03-14,124.98,124.98,122.51,123.08,121.71,42768700
2019-03-15,123.1,124.16,121.96,123.94,122.56,47331000
2019-03-18,123.99,125.35,123.5,125.24,123.85,16052200
2019-03-19,125.26,126.65,125.14,126.59,125.18,13726300
2019-03-20,127.54,129.1,126.83,128.16,126.73,7520700
2019-03-21,126.88,128.98,126.64,128.31,126.88,5704300
2019-03-22,128.73,129.48,127.43,128.3,126.87,15332900
2019-03-25,128.61,130.58,128.41,129.87,128.43,5972800
2019-03-26,130.24,132.13,129.7,131.02,129.56,5872900
2019-03-27,130.96,131.56,128.52,128.77,127.34,7675100
2019-03-28,129.34,129.9,128.87,128.95,127.52,6112900
2019-03-29,129.01,129.94,128.98,129.76,128.32,5729100
2019-04-01,130.71,131.35,129.05,129.05,127.61,5132300
2019-04-02,129.04,129.57,128.24,129.32,127.88,3214600
2019-04-03,129.11,129.25,126.84,127.05,125.64,4425300
2019-04-04,127.34,127.35,124.61,125.61,124.21,5539800
2019-04-05,126.49,127.01,125.61,126.99,125.58,4656400
2019-04-08,126.5,127.28,126.09,127.16,125.75,3430900
2019-04-09,126.76,128.12,126.6,127.24,125.82,4215600
2019-04-10,127.56,127.97,126.93,127.19,125.78,4227100
2019-04-11,126.86,127.32,124.51,125.15,123.76,5520700
2019-04-12,125.24,125.24,123.02,123.06,121.69,5470400
2019-04-15,123.77,124.35,123.16,124.08,122.7,4549100
2019-04-16,124.93,124.93,119.79,119.96,118.63,6573400
2019-04-17,120.0,120.06,115.89,116.5,115.2,14842800
2019-04-18,116.23,116.65,114.14,115.2,113.92,9805800
2019-04-22,115.04,115.57,113.65,115.47,114.19,7519700
2019-04-23,116.04,117.89,115.43,117.49,116.18,5891500
2019-04-24,118.29,118.43,117.23,118.0,116.69,4254100
2019-04-25,117.75,118.68,116.75,118.23,116.92,3425000
2019-04-26,118.83,119.92,118.67,119.87,118.54,3372500
2019-04-29,119.9,120.01,119.25,119.6,118.27,4097200
2019-04-30,116.61,117.14,114.91,117.04,115.74,7548300
2019-05-01,117.05,119.53,116.56,118.18,116.87,5392100
2019-05-02,118.44,118.57,116.86,118.46,117.14,4168800
2019-05-03,118.44,118.44,116.54,116.91,115.61,5695500
2019-05-06,115.82,117.08,115.3,116.65,115.35,5952100
2019-05-07,116.3,116.49,114.46,114.94,113.66,5127200
2019-05-08,115.85,116.89,115.23,116.25,114.96,2992600
2019-05-09,115.86,116.15,114.78,115.8,114.51,5818900
2019-05-10,115.63,116.32,114.22,116.22,114.93,3660500
2019-05-13,114.86,115.19,113.87,114.37,113.1,4284600
2019-05-14,114.73,115.53,114.53,114.94,113.66,3668400
2019-05-15,115.25,115.84,114.32,115.62,114.33,3724400
2019-05-16,114.57,117.68,114.57,116.73,116.08,3914100
2019-05-17,115.7,116.65,115.22,116.01,115.36,3109800
2019-05-20,115.87,116.3,115.0,116.23,115.58,3042800
2019-05-21,117.04,117.79,116.53,116.58,115.93,2611100
2019-05-22,116.12,118.39,116.12,117.98,117.32,3934200
2019-05-23,117.76,117.96,116.48,116.81,116.16,3653500
2019-05-24,117.53,117.55,116.45,116.79,116.14,2086400
2019-05-28,117.09,118.41,115.7,115.76,115.11,5007200
2019-05-29,115.61,115.8,114.43,115.49,114.85,5915800
2019-05-30,115.49,116.3,114.96,115.9,115.25,2392800
2019-05-31,115.34,117.58,114.99,115.94,115.29,6098400
2019-06-03,116.53,117.72,116.04,116.77,116.12,4722000
2019-06-04,118.08,118.93,117.41,117.56,116.9,3122700
2019-06-05,118.03,118.38,116.53,117.02,116.37,4175800
2019-06-06,117.52,118.94,117.27,117.5,116.84,3882800
2019-06-07,118.19,118.94,117.89,118.35,117.69,2726300
2019-06-10,116.0,116.0,113.88,113.93,113.29,8172400
2019-06-11,114.78,115.59,111.85,112.21,111.58,5681200
2019-06-12,112.5,115.5,112.5,115.24,114.6,3793800
2019-06-13,115.4,115.4,110.61,111.82,111.2,8477300
2019-06-14,112.13,112.25,111.01,111.74,111.12,3188100
2019-06-17,111.64,113.42,111.34,113.4,112.77,3032300
2019-06-18,113.65,114.83,113.22,114.65,114.01,2868700
2019-06-19,115.02,115.99,114.34,115.23,114.59,3320600
2019-06-20,116.35,117.07,115.26,115.56,114.92,2840100
2019-06-21,115.74,115.93,114.81,115.49,114.85,4024600
2019-06-24,115.08,116.15,114.71,115.63,114.99,2570500
2019-06-25,115.51,116.83,115.17,115.36,114.72,2110100
2019-06-26,114.81,114.95,110.62,111.34,110.72,4677500
2019-06-27,111.74,112.21,111.16,111.47,110.85,3615900
2019-06-28,111.8,111.83,110.02,110.79,110.17,8958700
2019-07-01,111.31,112.84,110.64,112.74,112.11,3236400
2019-07-02,112.82,114.21,112.4,114.2,113.56,2343400
2019-07-03,114.87,115.47,113.78,114.42,113.78,3707700
2019-07-05,114.05,114.37,112.55,112.82,112.19,2444000
2019-07-08,112.47,112.79,110.91,111.52,110.9,2998700
2019-07-09,111.85,113.36,111.85,113.08,112.45,2717700
2019-07-10,113.27,114.65,112.67,114.53,113.89,3339100
2019-07-11,111.53,112.24,109.1,109.82,109.21,6589600
2019-07-12,109.47,109.47,105.15,108.29,107.69,7211100
2019-07-15,108.3,109.16,107.59,108.47,107.87,4405200
2019-07-16,109.0,109.19,107.97,108.82,108.21,2206500
2019-07-17,109.35,109.65,107.08,107.09,106.49,3507300
2019-07-18,107.83,108.48,107.24,108.34,107.74,3232900
2019-07-19,108.5,108.52,106.58,106.79,106.19,4820600
2019-07-22,106.92,107.36,105.87,107.27,106.67,2894400
2019-07-23,107.5,109.4,106.06,108.22,107.62,5098200
2019-07-24,108.35,109.66,107.16,108.52,107.92,3762700
2019-07-25,108.57,110.38,107.68,107.82,107.22,4596700
2019-07-26,107.92,109.23,107.54,108.27,107.67,3470700
2019-07-29,108.07,110.24,108.07,108.72,108.11,3192500
2019-07-30,108.3,110.02,107.0,108.69,108.08,4664200
2019-07-31,108.06,110.71,107.61,108.95,108.34,5535700
2019-08-01,109.02,110.74,108.31,110.51,109.89,3679000
2019-08-02,110.96,113.27,110.19,112.42,111.79,4477700
2019-08-05,111.38,112.49,107.44,108.71,108.1,4765800
2019-08-06,109.47,112.12,109.04,111.4,110.78,5490000
2019-08-07,110.37,111.38,108.53,111.12,110.5,4231700
2019-08-08,111.96,114.54,111.64,113.97,113.33,4815900
2019-08-09,113.24,114.55,112.35,113.77,113.14,2788100
2019-08-12,112.9,114.06,112.29,113.6,112.97,2318400
2019-08-13,113.53,116.14,113.43,115.7,115.06,5247200
2019-08-14,114.86,114.87,110.22,110.29,110.29,4937900
2019-08-15,110.42,111.31,109.21,110.23,110.23,3939900
2019-08-16,110.94,111.33,109.29,110.52,110.52,3497600
2019-08-19,111.05,112.94,110.79,112.53,112.53,2903500
2019-08-20,112.33,112.88,110.91,111.01,111.01,2074800
2019-08-21,112.0,112.44,110.0,111.46,111.46,2207300
2019-08-22,111.44,112.27,110.79,111.61,111.61,1840200
2019-08-23,111.46,112.56,108.88,109.51,109.51,3870100
2019-08-26,110.61,111.82,110.25,111.78,111.78,2565500
2019-08-27,112.31,112.88,110.73,110.73,110.73,2945200
2019-08-28,110.33,111.54,109.79,110.97,110.97,1744400
2019-08-29,111.81,112.38,110.6,112.25,112.25,2708600
2019-08-30,112.82,114.17,111.92,112.97,112.97,2870700
2019-09-03,112.54,114.02,112.19,113.96,113.96,3710300
2019-09-04,114.38,114.5,112.45,113.25,113.25,3756400
2019-09-05,113.96,115.44,113.26,114.6,114.6,4045900
2019-09-06,114.78,114.99,113.84,114.05,114.05,2904700
2019-09-09,114.52,114.52,110.35,111.07,111.07,4982300
2019-09-10,108.37,111.13,106.4,111.1,111.1,6589500
2019-09-11,111.78,112.0,110.29,111.69,111.69,3404100
2019-09-12,111.92,112.42,111.12,111.47,111.47,3578500
2019-09-13,111.74,112.15,110.24,110.89,110.89,2842600
2019-09-16,110.42,110.53,109.21,110.13,110.13,1728900
2019-09-17,110.33,111.19,109.63,111.12,111.12,2438100
2019-09-18,111.44,112.91,111.17,112.72,112.72,3132500
2019-09-19,112.86,115.11,112.39,114.35,114.35,3929800
2019-09-20,115.93,117.23,114.47,116.16,116.16,7517700
2019-09-23,116.0,116.54,113.97,114.18,114.18,2611300
2019-09-24,114.36,114.55,111.94,113.25,113.25,3480200
2019-09-25,112.88,113.85,111.31,111.39,111.39,3093400
2019-09-26,112.04,112.66,110.69,111.82,111.82,2266400
2019-09-27,112.35,113.37,111.38,112.37,112.37,1906300
2019-09-30,112.4,113.45,111.69,111.83,111.83,2516600
2019-10-01,111.94,112.45,110.41,110.96,110.96,2203400
2019-10-02,110.33,110.64,106.66,107.0,107.0,4483900
2019-10-03,107.09,108.1,106.21,107.29,107.29,2735000
2019-10-04,107.49,108.26,107.0,108.2,108.2,2865300
2019-10-07,108.31,108.65,107.57,107.83,107.83,1460800
2019-10-08,106.89,108.33,105.95,107.19,107.19,2802500
2019-10-09,107.56,108.15,106.88,107.3,107.3,1636600
2019-10-10,107.03,107.49,106.58,106.92,106.92,2736900
2019-10-11,107.75,109.14,107.59,108.36,108.36,2554900
2019-10-14,108.52,109.13,107.88,107.9,107.9,1341300
2019-10-15,108.35,110.1,108.22,109.7,109.7,1760000
2019-10-16,109.18,109.48,107.79,107.95,107.95,2314600
2019-10-17,109.22,109.46,108.26,108.46,108.46,2018900
2019-10-18,108.31,108.94,107.9,108.64,108.64,2207100
2019-10-21,108.87,109.0,107.77,107.91,107.91,3944900
2019-10-22,109.98,111.45,108.95,110.64,110.64,1063120
